{  
   "name":"Noize Nación Radio | La Nación del Ruido",
   "short_name":"Noize Nación Radio",
   "description":"La Nación del Ruido",
   "lang":"es-ES",
   "dir":"ltr",
   "start_url":"/noizenacion/",
   "display":"minimal-ui",
   "orientation":"any",
   "background_color":"#efefef",
   "theme_color":"#000000",
   "icons":[  
      {  
         "src":"https://www.masterk3y.tech/noizenacion/assets/img/logo.png",
         "sizes":"150x150",
         "type":"image/png"
      },
      {  
         "src":"https://www.masterk3y.tech/noizenacion/assets/img/logo.png",
         "sizes":"300x300",
         "type":"image/png"
      },
      {  
         "src":"https://www.masterk3y.tech/noizenacion/assets/img/logo.png",
         "sizes":"512x512",
         "type":"image/png"
      },
      {  
         "src":"https://www.masterk3y.tech/noizenacion/assets/img/logo.png",
         "sizes":"300x300",
         "type":"image/png"
      },
      {  
         "src":"https://www.masterk3y.tech/noizenacion/assets/img/logo.png",
         "sizes":"370x370",
         "type":"image/png"
      },
      {  
         "src":"https://www.masterk3y.tech/noizenacion/assets/img/logo.png",
         "sizes":"270x270",
         "type":"image/png"
      },
      {  
         "src":"https://www.masterk3y.tech/noizenacion/assets/img/logo.png",
         "sizes":"180x180",
         "type":"image/png"
      },
      {  
         "src":"https://www.masterk3y.tech/noizenacion/assets/img/nnicon32x32.png",
         "sizes":"32x32",
         "type":"image/png"
      }
   ]
}