-- MySQL dump 10.16  Distrib 10.2.23-MariaDB, for Linux (x86_64)
--
-- Host: localhost    Database: u388889018_sm
-- ------------------------------------------------------
-- Server version	10.2.23-MariaDB

/*!40101 SET @OLD_CHARACTER_SET_CLIENT=@@CHARACTER_SET_CLIENT */;
/*!40101 SET @OLD_CHARACTER_SET_RESULTS=@@CHARACTER_SET_RESULTS */;
/*!40101 SET @OLD_COLLATION_CONNECTION=@@COLLATION_CONNECTION */;
/*!40101 SET NAMES utf8 */;
/*!40103 SET @OLD_TIME_ZONE=@@TIME_ZONE */;
/*!40103 SET TIME_ZONE='+00:00' */;
/*!40014 SET @OLD_UNIQUE_CHECKS=@@UNIQUE_CHECKS, UNIQUE_CHECKS=0 */;
/*!40014 SET @OLD_FOREIGN_KEY_CHECKS=@@FOREIGN_KEY_CHECKS, FOREIGN_KEY_CHECKS=0 */;
/*!40101 SET @OLD_SQL_MODE=@@SQL_MODE, SQL_MODE='NO_AUTO_VALUE_ON_ZERO' */;
/*!40111 SET @OLD_SQL_NOTES=@@SQL_NOTES, SQL_NOTES=0 */;

--
-- Table structure for table `psm_config`
--

DROP TABLE IF EXISTS `psm_config`;
/*!40101 SET @saved_cs_client     = @@character_set_client */;
/*!40101 SET character_set_client = utf8 */;
CREATE TABLE `psm_config` (
  `key` varchar(255) NOT NULL,
  `value` varchar(255) NOT NULL,
  PRIMARY KEY (`key`)
) ENGINE=MyISAM DEFAULT CHARSET=utf8;
/*!40101 SET character_set_client = @saved_cs_client */;

--
-- Dumping data for table `psm_config`
--

/*!40000 ALTER TABLE `psm_config` DISABLE KEYS */;
INSERT INTO `psm_config` VALUES ('language','es_ES'),('proxy','0'),('proxy_url',''),('proxy_user',''),('proxy_password',''),('email_status','1'),('email_from_email','monitor@masterk3y.tech'),('email_from_name','Server Monitor'),('email_smtp','0'),('email_smtp_host',''),('email_smtp_port',''),('email_smtp_security',''),('email_smtp_username',''),('email_smtp_password',''),('sms_status','0'),('sms_gateway','mollie'),('sms_gateway_username','username'),('sms_gateway_password','password'),('sms_from','1234567890'),('pushover_status','0'),('pushover_api_token',''),('password_encrypt_key','1ed142955d63614eccfb3dcf4c19f4ac133359c6'),('alert_type','status'),('log_status','1'),('log_email','1'),('log_sms','1'),('log_pushover','1'),('log_retention_period','365'),('version','3.2.1'),('version_update_check','3.2.0'),('auto_refresh_servers','60'),('show_update','1'),('last_update_check','1561953032'),('cron_running','0'),('cron_running_time','1563934502');
/*!40000 ALTER TABLE `psm_config` ENABLE KEYS */;

--
-- Table structure for table `psm_log`
--

DROP TABLE IF EXISTS `psm_log`;
/*!40101 SET @saved_cs_client     = @@character_set_client */;
/*!40101 SET character_set_client = utf8 */;
CREATE TABLE `psm_log` (
  `log_id` int(11) unsigned NOT NULL AUTO_INCREMENT,
  `server_id` int(11) unsigned NOT NULL,
  `type` enum('status','email','sms','pushover') NOT NULL,
  `message` varchar(255) NOT NULL,
  `datetime` timestamp NOT NULL DEFAULT current_timestamp(),
  PRIMARY KEY (`log_id`)
) ENGINE=MyISAM AUTO_INCREMENT=21 DEFAULT CHARSET=utf8;
/*!40101 SET character_set_client = @saved_cs_client */;

--
-- Dumping data for table `psm_log`
--

/*!40000 ALTER TABLE `psm_log` DISABLE KEYS */;
INSERT INTO `psm_log` VALUES (1,4,'status','Servidor \'Streamaudio.de\' está fuera de línea: ip=https://stream.streamaudio.de, puerto=8000. error=Unable to find the socket transport \"https\" - did you forget to enable it when you configured PHP?','2019-06-11 17:44:10'),(2,4,'email','No posible conectar al servidor:<br/><br/>Servidor: Streamaudio.de<br/>IP: https://stream.streamaudio.de<br/>Puerto: 8000<br/>Error: Unable to find the socket transport \"https\" - did you forget to enable it when you configured PHP?<br/>Fecha: 2019-06-11 1','2019-06-11 17:44:10'),(3,4,'status','Servidor \'Streamaudio.de\' ya está de nuevo funcionando en línea: ip=stream.streamaudio.de, puerto=8000','2019-06-11 18:15:12'),(4,4,'email','Servidor \'Streamaudio.de\' ya está funcionando en línea de nuevo:<br/><br/>Servidor: Streamaudio.de<br/>IP: stream.streamaudio.de<br/>Puerto: 8000<br/>Fecha: 2019-06-11 18:15:12','2019-06-11 18:15:12'),(5,4,'status','Servidor \'streamaudio.de\' está fuera de línea: ip=stream.streamaudio.de, puerto=8000. error=Connection refused','2019-06-19 14:15:08'),(6,4,'email','No posible conectar al servidor:<br/><br/>Servidor: streamaudio.de<br/>IP: stream.streamaudio.de<br/>Puerto: 8000<br/>Error: Connection refused<br/>Fecha: 2019-06-19 14:15:09','2019-06-19 14:15:09'),(7,4,'status','Servidor \'streamaudio.de\' ya está de nuevo funcionando en línea: ip=stream.streamaudio.de, puerto=8000','2019-06-19 14:30:07'),(8,4,'email','Servidor \'streamaudio.de\' ya está funcionando en línea de nuevo:<br/><br/>Servidor: streamaudio.de<br/>IP: stream.streamaudio.de<br/>Puerto: 8000<br/>Fecha: 2019-06-19 14:30:07','2019-06-19 14:30:07'),(9,3,'status','Servidor \'masterk3y.tech\' está fuera de línea: ip=https://masterk3y.tech/, puerto=443. error=TIMEOUT ERROR: no response from server','2019-06-29 04:45:19'),(10,3,'email','No posible conectar al servidor:<br/><br/>Servidor: masterk3y.tech<br/>IP: https://masterk3y.tech/<br/>Puerto: 443<br/>Error: TIMEOUT ERROR: no response from server<br/>Fecha: 2019-06-29 04:45:19','2019-06-29 04:45:19'),(11,3,'status','Servidor \'masterk3y.tech\' ya está de nuevo funcionando en línea: ip=https://masterk3y.tech/, puerto=443','2019-06-29 05:30:11'),(12,3,'email','Servidor \'masterk3y.tech\' ya está funcionando en línea de nuevo:<br/><br/>Servidor: masterk3y.tech<br/>IP: https://masterk3y.tech/<br/>Puerto: 443<br/>Fecha: 2019-06-29 05:30:11','2019-06-29 05:30:11'),(13,3,'status','Servidor \'masterk3y.tech\' está fuera de línea: ip=https://masterk3y.tech/, puerto=443. error=TIMEOUT ERROR: no response from server','2019-06-29 07:00:12'),(14,3,'email','No posible conectar al servidor:<br/><br/>Servidor: masterk3y.tech<br/>IP: https://masterk3y.tech/<br/>Puerto: 443<br/>Error: TIMEOUT ERROR: no response from server<br/>Fecha: 2019-06-29 07:00:12','2019-06-29 07:00:12'),(15,3,'status','Servidor \'masterk3y.tech\' ya está de nuevo funcionando en línea: ip=https://masterk3y.tech/, puerto=443','2019-06-29 08:00:07'),(16,3,'email','Servidor \'masterk3y.tech\' ya está funcionando en línea de nuevo:<br/><br/>Servidor: masterk3y.tech<br/>IP: https://masterk3y.tech/<br/>Puerto: 443<br/>Fecha: 2019-06-29 08:00:07','2019-06-29 08:00:07'),(17,3,'status','Servidor \'masterk3y.tech\' está fuera de línea: ip=https://masterk3y.tech/, puerto=443. error=TIMEOUT ERROR: no response from server','2019-07-12 06:15:22'),(18,3,'email','No posible conectar al servidor:<br/><br/>Servidor: masterk3y.tech<br/>IP: https://masterk3y.tech/<br/>Puerto: 443<br/>Error: TIMEOUT ERROR: no response from server<br/>Fecha: 2019-07-12 06:15:22','2019-07-12 06:15:22'),(19,3,'status','Servidor \'masterk3y.tech\' ya está de nuevo funcionando en línea: ip=https://masterk3y.tech/, puerto=443','2019-07-12 07:00:02'),(20,3,'email','Servidor \'masterk3y.tech\' ya está funcionando en línea de nuevo:<br/><br/>Servidor: masterk3y.tech<br/>IP: https://masterk3y.tech/<br/>Puerto: 443<br/>Fecha: 2019-07-12 07:00:02','2019-07-12 07:00:02');
/*!40000 ALTER TABLE `psm_log` ENABLE KEYS */;

--
-- Table structure for table `psm_log_users`
--

DROP TABLE IF EXISTS `psm_log_users`;
/*!40101 SET @saved_cs_client     = @@character_set_client */;
/*!40101 SET character_set_client = utf8 */;
CREATE TABLE `psm_log_users` (
  `log_id` int(11) unsigned NOT NULL,
  `user_id` int(11) unsigned NOT NULL,
  PRIMARY KEY (`log_id`,`user_id`)
) ENGINE=MyISAM DEFAULT CHARSET=utf8;
/*!40101 SET character_set_client = @saved_cs_client */;

--
-- Dumping data for table `psm_log_users`
--

/*!40000 ALTER TABLE `psm_log_users` DISABLE KEYS */;
INSERT INTO `psm_log_users` VALUES (2,1),(4,1),(6,1),(8,1),(10,1),(12,1),(14,1),(16,1),(18,1),(20,1);
/*!40000 ALTER TABLE `psm_log_users` ENABLE KEYS */;

--
-- Table structure for table `psm_servers`
--

DROP TABLE IF EXISTS `psm_servers`;
/*!40101 SET @saved_cs_client     = @@character_set_client */;
/*!40101 SET character_set_client = utf8 */;
CREATE TABLE `psm_servers` (
  `server_id` int(11) unsigned NOT NULL AUTO_INCREMENT,
  `ip` varchar(500) NOT NULL,
  `port` int(5) unsigned NOT NULL,
  `label` varchar(255) NOT NULL,
  `type` enum('ping','service','website') NOT NULL DEFAULT 'service',
  `pattern` varchar(255) NOT NULL,
  `header_name` varchar(255) NOT NULL DEFAULT '',
  `header_value` varchar(255) NOT NULL DEFAULT '',
  `status` enum('on','off') NOT NULL DEFAULT 'on',
  `error` varchar(255) DEFAULT NULL,
  `rtime` float(9,7) DEFAULT NULL,
  `last_online` datetime DEFAULT NULL,
  `last_check` datetime DEFAULT NULL,
  `active` enum('yes','no') NOT NULL DEFAULT 'yes',
  `email` enum('yes','no') NOT NULL DEFAULT 'yes',
  `sms` enum('yes','no') NOT NULL DEFAULT 'no',
  `pushover` enum('yes','no') NOT NULL DEFAULT 'yes',
  `warning_threshold` mediumint(1) unsigned NOT NULL DEFAULT 1,
  `warning_threshold_counter` mediumint(1) unsigned NOT NULL DEFAULT 0,
  `timeout` smallint(1) unsigned DEFAULT NULL,
  `website_username` varchar(255) DEFAULT NULL,
  `website_password` varchar(255) DEFAULT NULL,
  PRIMARY KEY (`server_id`)
) ENGINE=MyISAM AUTO_INCREMENT=5 DEFAULT CHARSET=utf8;
/*!40101 SET character_set_client = @saved_cs_client */;

--
-- Dumping data for table `psm_servers`
--

/*!40000 ALTER TABLE `psm_servers` DISABLE KEYS */;
INSERT INTO `psm_servers` VALUES (3,'https://masterk3y.tech/',443,'masterk3y.tech','website','','','','on','',5.0833740,'2019-07-24 02:15:07','2019-07-24 02:15:07','yes','yes','no','no',1,0,NULL,'',''),(4,'stream.streamaudio.de',8000,'streamaudio.de','service','','','','on','',0.1613050,'2019-07-24 02:15:07','2019-07-24 02:15:07','yes','yes','no','no',1,0,NULL,'','');
/*!40000 ALTER TABLE `psm_servers` ENABLE KEYS */;

--
-- Table structure for table `psm_servers_history`
--

DROP TABLE IF EXISTS `psm_servers_history`;
/*!40101 SET @saved_cs_client     = @@character_set_client */;
/*!40101 SET character_set_client = utf8 */;
CREATE TABLE `psm_servers_history` (
  `servers_history_id` int(11) unsigned NOT NULL AUTO_INCREMENT,
  `server_id` int(11) unsigned NOT NULL,
  `date` date NOT NULL,
  `latency_min` float(9,7) NOT NULL,
  `latency_avg` float(9,7) NOT NULL,
  `latency_max` float(9,7) NOT NULL,
  `checks_total` int(11) unsigned NOT NULL,
  `checks_failed` int(11) unsigned NOT NULL,
  PRIMARY KEY (`servers_history_id`),
  UNIQUE KEY `server_id_date` (`server_id`,`date`)
) ENGINE=MyISAM AUTO_INCREMENT=71 DEFAULT CHARSET=utf8;
/*!40101 SET character_set_client = @saved_cs_client */;

--
-- Dumping data for table `psm_servers_history`
--

/*!40000 ALTER TABLE `psm_servers_history` DISABLE KEYS */;
INSERT INTO `psm_servers_history` VALUES (1,3,'2019-06-11',0.0193820,2.3375361,5.6007204,31,0),(2,4,'2019-06-11',0.0000041,1.6409854,10.1784430,30,7),(3,3,'2019-06-12',0.0274260,3.4097154,7.1553879,95,0),(4,4,'2019-06-12',0.1502049,1.6130491,5.4857521,95,0),(5,3,'2019-06-13',0.0296860,2.7152166,5.8724580,94,0),(6,4,'2019-06-13',0.1551671,1.7292796,10.2119246,94,0),(7,3,'2019-06-14',0.0257781,2.7901182,5.3033991,60,0),(8,4,'2019-06-14',0.1439550,1.2624166,5.3182402,60,0),(9,3,'2019-06-16',0.0313919,2.9221497,5.5038009,82,0),(10,4,'2019-06-16',0.1449721,1.5718467,5.2211041,82,0),(11,3,'2019-06-17',0.0391760,2.7371035,5.8942199,96,0),(12,4,'2019-06-17',0.1439910,1.6885221,10.1687870,96,0),(13,3,'2019-06-18',0.0194249,2.8265269,5.3025451,96,0),(14,4,'2019-06-18',0.1438959,1.7830242,10.1699162,96,0),(15,3,'2019-06-19',0.0366068,3.3149605,5.6748848,96,0),(16,4,'2019-06-19',0.1327910,1.6417936,5.1921611,96,1),(17,4,'2019-06-20',0.1448441,2.2691157,5.2318034,93,0),(18,3,'2019-06-20',0.0186391,2.7459574,5.4932108,96,0),(19,3,'2019-06-21',0.0369751,3.2030580,5.6868343,96,0),(20,4,'2019-06-21',0.1447151,1.6956106,10.1902924,96,0),(21,4,'2019-06-22',0.1447911,1.5834540,10.1603642,96,0),(22,3,'2019-06-22',0.0397222,3.3042822,5.7679572,96,0),(23,3,'2019-06-23',0.0222719,2.4593470,5.6935582,96,0),(24,4,'2019-06-23',0.1417820,1.6257572,10.1647673,96,0),(25,4,'2019-06-24',0.1435440,1.3694466,10.1631784,96,0),(26,3,'2019-06-24',0.0488839,2.1992912,5.6888609,96,0),(27,4,'2019-06-25',0.1479800,1.3444259,5.4957752,95,0),(28,3,'2019-06-25',0.0200059,2.6940703,5.4919739,96,0),(29,4,'2019-06-26',0.1414092,1.5727384,5.1962352,96,0),(30,3,'2019-06-26',0.0318160,2.8626380,5.9494791,96,0),(31,4,'2019-06-27',0.1427701,0.9525291,5.3766246,96,0),(32,3,'2019-06-27',0.0472350,2.3071539,6.1877637,96,0),(33,4,'2019-06-28',0.1484401,1.7150238,10.1678944,94,0),(34,3,'2019-06-28',0.0248761,2.6625626,5.4923639,94,0),(35,4,'2019-06-29',0.1457090,1.3352021,5.2271738,90,0),(36,3,'2019-06-29',0.0269859,2.9246497,9.2808886,90,4),(37,4,'2019-06-30',0.1439941,1.7472719,6.4477811,96,0),(38,3,'2019-06-30',0.0170469,3.0881937,5.5009570,96,0),(39,4,'2019-07-01',0.1422670,1.5775256,10.1598644,96,0),(40,3,'2019-07-01',0.0496759,2.8115892,6.1484141,96,0),(41,4,'2019-07-02',0.1471961,1.2198057,5.8521342,96,0),(42,3,'2019-07-02',0.0539010,3.0217781,5.9138980,96,0),(43,4,'2019-07-03',0.1450639,0.9999910,5.1770129,96,0),(44,3,'2019-07-03',0.0501010,2.6481676,6.4298921,96,0),(45,4,'2019-07-04',0.1440611,1.5881424,10.2119093,96,0),(46,3,'2019-07-04',0.0258100,2.6998229,5.7005382,96,0),(47,4,'2019-07-05',0.1442211,1.8941352,10.8078613,96,0),(48,3,'2019-07-05',0.0289009,2.2660129,5.5724802,96,0),(49,4,'2019-07-06',0.1444480,1.2206720,10.1605186,96,0),(50,3,'2019-07-06',0.0509040,2.7120759,7.2724509,96,0),(51,3,'2019-07-07',0.0533760,2.3686807,5.6849689,96,0),(52,4,'2019-07-07',0.1453831,1.2043546,10.1676722,96,0),(53,4,'2019-07-08',0.1452260,1.3651788,10.1654015,96,0),(54,3,'2019-07-08',0.0440462,3.1744142,5.7392192,96,0),(55,4,'2019-07-09',0.1451728,1.2618830,5.3941989,96,0),(56,3,'2019-07-09',0.0309489,2.5451341,5.9829731,96,0),(57,4,'2019-07-10',0.1449120,1.3663446,10.1916599,96,0),(58,3,'2019-07-10',0.0303528,2.1786690,5.7158718,96,0),(59,4,'2019-07-11',0.1463730,1.0632029,5.4136701,96,0),(60,3,'2019-07-11',0.0588951,2.3971052,5.7752829,96,0),(61,4,'2019-07-12',0.1435580,1.2529848,5.5657029,93,0),(62,3,'2019-07-12',0.0524249,2.5126324,10.0019197,94,2),(63,4,'2019-07-13',0.1437728,1.3112310,5.2000480,96,0),(64,3,'2019-07-13',0.0312629,2.6890242,9.2695208,96,0),(65,4,'2019-07-14',0.1462049,1.1033924,10.1935921,96,0),(66,3,'2019-07-14',0.0395660,3.2391913,9.5974598,96,0),(67,4,'2019-07-15',0.1432710,1.4161059,10.1736336,96,0),(68,3,'2019-07-15',0.0319619,2.5901022,7.2719469,96,0),(69,4,'2019-07-16',0.1418159,1.1090275,10.1621513,96,0),(70,3,'2019-07-16',0.0417380,2.4039769,5.8856850,96,0);
/*!40000 ALTER TABLE `psm_servers_history` ENABLE KEYS */;

--
-- Table structure for table `psm_servers_uptime`
--

DROP TABLE IF EXISTS `psm_servers_uptime`;
/*!40101 SET @saved_cs_client     = @@character_set_client */;
/*!40101 SET character_set_client = utf8 */;
CREATE TABLE `psm_servers_uptime` (
  `servers_uptime_id` int(11) unsigned NOT NULL AUTO_INCREMENT,
  `server_id` int(11) unsigned NOT NULL,
  `date` datetime NOT NULL,
  `status` tinyint(1) unsigned NOT NULL,
  `latency` float(9,7) DEFAULT NULL,
  PRIMARY KEY (`servers_uptime_id`),
  KEY `server_id` (`server_id`)
) ENGINE=MyISAM AUTO_INCREMENT=7832 DEFAULT CHARSET=utf8;
/*!40101 SET character_set_client = @saved_cs_client */;

--
-- Dumping data for table `psm_servers_uptime`
--

/*!40000 ALTER TABLE `psm_servers_uptime` DISABLE KEYS */;
INSERT INTO `psm_servers_uptime` VALUES (7813,4,'2019-07-24 00:00:03',1,0.1842659),(7812,3,'2019-07-24 00:00:02',1,0.1313970),(7621,4,'2019-07-23 00:00:07',1,0.1734502),(7620,3,'2019-07-23 00:00:07',1,5.0881300),(7619,4,'2019-07-22 23:45:07',1,0.1652479),(7618,3,'2019-07-22 23:45:07',1,5.0829368),(7429,4,'2019-07-22 00:00:05',1,0.1538711),(7428,3,'2019-07-22 00:00:05',1,2.2582431),(7427,4,'2019-07-21 23:45:02',1,0.1605010),(7426,3,'2019-07-21 23:45:02',1,0.1420090),(7425,4,'2019-07-21 23:30:02',1,0.1509969),(7424,3,'2019-07-21 23:30:02',1,0.0971491),(7423,4,'2019-07-21 23:15:02',1,0.1644518),(7422,3,'2019-07-21 23:15:02',1,0.1453381),(7421,4,'2019-07-21 23:00:08',1,0.1573780),(7420,3,'2019-07-21 23:00:07',1,5.1042867),(7419,4,'2019-07-21 22:45:02',1,0.1466320),(7418,3,'2019-07-21 22:45:02',1,0.1444118),(7417,4,'2019-07-21 22:30:07',1,0.1538432),(7416,3,'2019-07-21 22:30:06',1,5.0838590),(7415,4,'2019-07-21 22:15:02',1,0.1514380),(7414,3,'2019-07-21 22:15:02',1,0.0634360),(7413,4,'2019-07-21 22:00:08',1,0.1492751),(7412,3,'2019-07-21 22:00:08',1,5.7095609),(7411,4,'2019-07-21 21:45:07',1,5.1632800),(7410,3,'2019-07-21 21:45:02',1,0.1332741),(7409,4,'2019-07-21 21:30:07',1,0.1664031),(7408,3,'2019-07-21 21:30:07',1,5.0837741),(7407,4,'2019-07-21 21:15:02',1,0.1523790),(7406,3,'2019-07-21 21:15:02',1,0.1328521),(7405,4,'2019-07-21 21:00:07',1,0.1595380),(7404,3,'2019-07-21 21:00:07',1,5.0990672),(7403,4,'2019-07-21 20:45:07',1,5.1512499),(7402,3,'2019-07-21 20:45:01',1,0.1803470),(7401,4,'2019-07-21 20:30:07',1,0.1494811),(7400,3,'2019-07-21 20:30:07',1,5.2932940),(7399,4,'2019-07-21 20:15:07',1,0.1494179),(7398,3,'2019-07-21 20:15:06',1,5.0883412),(7397,4,'2019-07-21 20:00:04',1,0.1482780),(7396,3,'2019-07-21 20:00:04',1,0.1414859),(7395,4,'2019-07-21 19:45:07',1,0.1865330),(7394,3,'2019-07-21 19:45:06',1,5.1109958),(7393,4,'2019-07-21 19:30:07',1,0.1528931),(7392,3,'2019-07-21 19:30:07',1,5.0932922),(7391,4,'2019-07-21 19:15:07',1,0.1474118),(7390,3,'2019-07-21 19:15:07',1,5.0858183),(7389,4,'2019-07-21 19:00:03',1,0.1544580),(7388,3,'2019-07-21 19:00:03',1,1.1942689),(7387,4,'2019-07-21 18:45:06',1,5.1541200),(7386,3,'2019-07-21 18:45:01',1,0.0674419),(7385,4,'2019-07-21 18:30:07',1,0.1526198),(7384,3,'2019-07-21 18:30:07',1,5.2878461),(7383,4,'2019-07-21 18:15:06',1,0.1730418),(7382,3,'2019-07-21 18:15:06',1,5.2971239),(7381,4,'2019-07-21 18:00:08',1,0.1439228),(7380,3,'2019-07-21 18:00:07',1,5.4522581),(7379,4,'2019-07-21 17:45:02',1,0.1476920),(7378,3,'2019-07-21 17:45:02',1,0.0550301),(7377,4,'2019-07-21 17:30:02',1,0.1502469),(7376,3,'2019-07-21 17:30:02',1,0.0853391),(7375,4,'2019-07-21 17:15:07',1,0.1463609),(7811,4,'2019-07-23 23:45:07',1,0.1621091),(7810,3,'2019-07-23 23:45:07',1,5.0886521),(7809,4,'2019-07-23 23:30:07',1,0.2034419),(7808,3,'2019-07-23 23:30:07',1,5.7814512),(7617,4,'2019-07-22 23:30:02',1,0.1984701),(7616,3,'2019-07-22 23:30:02',1,0.0822599),(7615,4,'2019-07-22 23:15:02',1,0.1980822),(7614,3,'2019-07-22 23:15:01',1,0.1273811),(7613,4,'2019-07-22 23:00:07',1,0.1695530),(7612,3,'2019-07-22 23:00:07',1,5.3048348),(7611,4,'2019-07-22 22:45:02',1,0.1843948),(7610,3,'2019-07-22 22:45:02',1,0.1381750),(7609,4,'2019-07-22 22:30:07',1,0.1713641),(7608,3,'2019-07-22 22:30:07',1,5.6899252),(7607,4,'2019-07-22 22:15:12',1,5.1699138),(7606,3,'2019-07-22 22:15:06',1,5.0919833),(7605,4,'2019-07-22 22:00:03',1,0.1590180),(7604,3,'2019-07-22 22:00:02',1,0.1031051),(7603,4,'2019-07-22 21:45:01',1,0.1873682),(7602,3,'2019-07-22 21:45:01',1,0.0902750),(7601,4,'2019-07-22 21:30:07',1,0.1884501),(7600,3,'2019-07-22 21:30:07',1,5.1080208),(7599,4,'2019-07-22 21:15:06',1,0.1685219),(7598,3,'2019-07-22 21:15:06',1,5.0824962),(7597,4,'2019-07-22 21:00:02',1,0.1798360),(7596,3,'2019-07-22 21:00:02',1,0.4661009),(7595,4,'2019-07-22 20:45:07',1,5.1641636),(7594,3,'2019-07-22 20:45:02',1,0.0867660),(7593,4,'2019-07-22 20:30:03',1,0.1602871),(7592,3,'2019-07-22 20:30:03',1,0.1554320),(7591,4,'2019-07-22 20:15:02',1,0.1634860),(7590,3,'2019-07-22 20:15:02',1,0.0330348),(7589,4,'2019-07-22 20:00:07',1,0.1818280),(7588,3,'2019-07-22 20:00:07',1,5.0902853),(7587,4,'2019-07-22 19:45:07',1,0.1612651),(7586,3,'2019-07-22 19:45:07',1,5.2862668),(7585,4,'2019-07-22 19:30:02',1,0.1934760),(7584,3,'2019-07-22 19:30:02',1,0.1455810),(7583,4,'2019-07-22 19:15:02',1,0.1631100),(7582,3,'2019-07-22 19:15:02',1,0.0671799),(7581,4,'2019-07-22 19:00:03',1,0.1838720),(7580,3,'2019-07-22 19:00:02',1,0.1005840),(7579,4,'2019-07-22 18:45:02',1,0.1727679),(7578,3,'2019-07-22 18:45:02',1,0.1500270),(7577,4,'2019-07-22 18:30:02',1,0.1943140),(7576,3,'2019-07-22 18:30:02',1,0.1840401),(7575,4,'2019-07-22 18:15:07',1,0.1864619),(7574,3,'2019-07-22 18:15:07',1,5.2912269),(7573,4,'2019-07-22 18:00:08',1,0.1629050),(7572,3,'2019-07-22 18:00:08',1,5.2965250),(7571,4,'2019-07-22 17:45:02',1,0.1850109),(7570,3,'2019-07-22 17:45:02',1,0.1533320),(7569,4,'2019-07-22 17:30:03',1,0.1724448),(7568,3,'2019-07-22 17:30:03',1,0.0945239),(7567,4,'2019-07-22 17:15:07',1,5.6294303),(7566,3,'2019-07-22 17:15:01',1,0.1751139),(7565,4,'2019-07-22 17:00:07',1,0.1727910),(7564,3,'2019-07-22 17:00:07',1,5.1039319),(7563,4,'2019-07-22 16:45:02',1,0.1607139),(7562,3,'2019-07-22 16:45:02',1,0.1278110),(7561,4,'2019-07-22 16:30:12',1,0.1514859),(7560,3,'2019-07-22 16:30:12',1,0.0533161),(7559,4,'2019-07-22 16:15:07',1,0.1503959),(7558,3,'2019-07-22 16:15:07',1,5.0909872),(7557,4,'2019-07-22 16:00:07',1,5.1570802),(7556,3,'2019-07-22 16:00:01',1,0.1110971),(7555,4,'2019-07-22 15:45:02',1,0.1763620),(7554,3,'2019-07-22 15:45:02',1,0.0803821),(7553,4,'2019-07-22 15:30:07',1,5.1494508),(7552,3,'2019-07-22 15:30:02',1,0.1828959),(7551,4,'2019-07-22 15:15:07',1,0.1461101),(7550,3,'2019-07-22 15:15:07',1,5.2897868),(7549,4,'2019-07-22 15:00:08',1,0.1616249),(7548,3,'2019-07-22 15:00:07',1,5.3316040),(7547,4,'2019-07-22 14:45:07',1,5.1604667),(7546,3,'2019-07-22 14:45:01',1,0.1520979),(7545,4,'2019-07-22 14:30:07',1,0.1532700),(7544,3,'2019-07-22 14:30:07',1,5.1015453),(7543,4,'2019-07-22 14:15:02',1,0.1800740),(7542,3,'2019-07-22 14:15:02',1,0.0668452),(7541,4,'2019-07-22 14:00:07',1,5.1484351),(7540,3,'2019-07-22 14:00:02',1,0.1945262),(7539,4,'2019-07-22 13:45:07',1,5.1533542),(7538,3,'2019-07-22 13:45:02',1,0.0855989),(7537,4,'2019-07-22 13:30:02',1,0.1679020),(7536,3,'2019-07-22 13:30:02',1,0.0825419),(7535,4,'2019-07-22 13:15:02',1,0.1831610),(7534,3,'2019-07-22 13:15:02',1,0.0891831),(7533,4,'2019-07-22 13:00:07',1,0.1471360),(7532,3,'2019-07-22 13:00:07',1,5.1121092),(7531,4,'2019-07-22 12:45:02',1,0.1515670),(7530,3,'2019-07-22 12:45:02',1,0.0733311),(7529,4,'2019-07-22 12:30:07',1,0.1520760),(7528,3,'2019-07-22 12:30:07',1,5.2920241),(7527,4,'2019-07-22 12:15:02',1,0.1559680),(7526,3,'2019-07-22 12:15:02',1,0.0705450),(7525,4,'2019-07-22 12:00:07',1,5.1548691),(7524,3,'2019-07-22 12:00:02',1,0.1478660),(7523,4,'2019-07-22 11:45:07',1,0.1492369),(7522,3,'2019-07-22 11:45:07',1,5.2950740),(7521,4,'2019-07-22 11:30:02',1,0.1522291),(7520,3,'2019-07-22 11:30:02',1,0.2161448),(7519,4,'2019-07-22 11:15:02',1,0.1634490),(7518,3,'2019-07-22 11:15:02',1,0.1838620),(7517,4,'2019-07-22 11:00:03',1,0.1509740),(7516,3,'2019-07-22 11:00:03',1,1.2224798),(7515,4,'2019-07-22 10:45:07',1,0.1521919),(7514,3,'2019-07-22 10:45:07',1,5.1042371),(7513,4,'2019-07-22 10:30:02',1,0.1743009),(7512,3,'2019-07-22 10:30:02',1,0.1229620),(7511,4,'2019-07-22 10:15:02',1,0.1768010),(7510,3,'2019-07-22 10:15:02',1,0.1139350),(7509,4,'2019-07-22 10:00:02',1,0.1742392),(7508,3,'2019-07-22 10:00:02',1,0.0596690),(7507,4,'2019-07-22 09:45:02',1,0.1533642),(7506,3,'2019-07-22 09:45:02',1,0.1911242),(7505,4,'2019-07-22 09:30:02',1,0.1464322),(7504,3,'2019-07-22 09:30:02',1,0.1324620),(7503,4,'2019-07-22 09:15:02',1,0.1665320),(7502,3,'2019-07-22 09:15:02',1,0.0476480),(7501,4,'2019-07-22 09:00:03',1,0.1636920),(7500,3,'2019-07-22 09:00:02',1,0.0614741),(7499,4,'2019-07-22 08:45:02',1,0.1513910),(7498,3,'2019-07-22 08:45:02',1,0.1329472),(7497,4,'2019-07-22 08:30:07',1,0.1565671),(7496,3,'2019-07-22 08:30:07',1,5.0813832),(7495,4,'2019-07-22 08:15:06',1,5.1572218),(7494,3,'2019-07-22 08:15:01',1,0.0671229),(7493,4,'2019-07-22 08:00:07',1,0.1892700),(7492,3,'2019-07-22 08:00:07',1,5.0875416),(7491,4,'2019-07-22 07:45:07',1,0.1472468),(7490,3,'2019-07-22 07:45:07',1,5.0908699),(7489,4,'2019-07-22 07:30:02',1,0.1496861),(7488,3,'2019-07-22 07:30:02',1,0.0612621),(7487,4,'2019-07-22 07:15:06',1,0.1471250),(7486,3,'2019-07-22 07:15:06',1,5.2947912),(7485,4,'2019-07-22 07:00:02',1,0.1759939),(7484,3,'2019-07-22 07:00:02',1,0.0805478),(7483,4,'2019-07-22 06:45:07',1,5.1536083),(7482,3,'2019-07-22 06:45:02',1,0.0759959),(7481,4,'2019-07-22 06:30:07',1,0.1736429),(7480,3,'2019-07-22 06:30:07',1,5.0946841),(7479,4,'2019-07-22 06:15:07',1,5.1625013),(7478,3,'2019-07-22 06:15:02',1,0.1360989),(7477,4,'2019-07-22 06:00:04',1,0.7515290),(7476,3,'2019-07-22 06:00:03',1,0.8107760),(7475,4,'2019-07-22 05:45:02',1,0.1645210),(7474,3,'2019-07-22 05:45:02',1,0.0482221),(7473,4,'2019-07-22 05:30:07',1,5.1577549),(7472,3,'2019-07-22 05:30:01',1,0.1991620),(7471,4,'2019-07-22 05:15:07',1,0.1540360),(7470,3,'2019-07-22 05:15:07',1,5.0908599),(7469,4,'2019-07-22 05:00:07',1,5.1596570),(7468,3,'2019-07-22 05:00:02',1,0.1830130),(7467,4,'2019-07-22 04:45:02',1,0.1693749),(7466,3,'2019-07-22 04:45:02',1,0.1274829),(7465,4,'2019-07-22 04:30:02',1,0.1659508),(7464,3,'2019-07-22 04:30:02',1,0.1697769),(7463,4,'2019-07-22 04:15:02',1,0.1675801),(7462,3,'2019-07-22 04:15:02',1,0.0654230),(7461,4,'2019-07-22 04:00:07',1,5.1506081),(7460,3,'2019-07-22 04:00:02',1,0.0747800),(7459,4,'2019-07-22 03:45:06',1,0.1511250),(7458,3,'2019-07-22 03:45:06',1,5.2820692),(7457,4,'2019-07-22 03:30:01',1,0.1790590),(7456,3,'2019-07-22 03:30:01',1,0.0753520),(7455,4,'2019-07-22 03:15:07',1,0.1489551),(7454,3,'2019-07-22 03:15:06',1,5.1330900),(7453,4,'2019-07-22 03:00:08',1,0.1446481),(7452,3,'2019-07-22 03:00:08',1,5.3295369),(7451,4,'2019-07-22 02:45:07',1,5.1539650),(7450,3,'2019-07-22 02:45:01',1,0.0685060),(7449,4,'2019-07-22 02:30:02',1,0.1826720),(7448,3,'2019-07-22 02:30:02',1,0.1861351),(7447,4,'2019-07-22 02:15:01',1,0.1697710),(7446,3,'2019-07-22 02:15:01',1,0.0822680),(7445,4,'2019-07-22 02:00:02',1,0.1760099),(7444,3,'2019-07-22 02:00:02',1,0.1925349),(7443,4,'2019-07-22 01:45:02',1,0.1876090),(7442,3,'2019-07-22 01:45:01',1,0.1363130),(7441,4,'2019-07-22 01:30:02',1,0.1664720),(7440,3,'2019-07-22 01:30:02',1,0.0760810),(7439,4,'2019-07-22 01:15:07',1,0.1524110),(7438,3,'2019-07-22 01:15:07',1,5.1272898),(7437,4,'2019-07-22 01:00:07',1,0.1490622),(7436,3,'2019-07-22 01:00:07',1,5.2948613),(7435,4,'2019-07-22 00:45:07',1,0.1538141),(7434,3,'2019-07-22 00:45:07',1,5.2779727),(7807,4,'2019-07-23 23:15:07',1,0.1740210),(7806,3,'2019-07-23 23:15:06',1,5.0855269),(7805,4,'2019-07-23 23:00:03',1,0.1574452),(7804,3,'2019-07-23 23:00:02',1,0.1900110),(7803,4,'2019-07-23 22:45:07',1,5.1561470),(7802,3,'2019-07-23 22:45:02',1,0.1411281),(7433,4,'2019-07-22 00:30:07',1,0.1691270),(7432,3,'2019-07-22 00:30:07',1,5.1065960),(7237,4,'2019-07-21 00:00:07',1,0.2069850),(6661,4,'2019-07-18 00:00:07',1,0.1952240),(6660,3,'2019-07-18 00:00:07',1,5.0821280),(7801,4,'2019-07-23 22:30:02',1,0.1773732),(7800,3,'2019-07-23 22:30:02',1,0.0827401),(7799,4,'2019-07-23 22:15:02',1,0.2020919),(7798,3,'2019-07-23 22:15:02',1,0.1425319),(7797,4,'2019-07-23 22:00:07',1,0.1842148),(7796,3,'2019-07-23 22:00:07',1,5.1270833),(7795,4,'2019-07-23 21:45:06',1,5.1563268),(7794,3,'2019-07-23 21:45:01',1,0.1907699),(7793,4,'2019-07-23 21:30:02',1,0.1509709),(7792,3,'2019-07-23 21:30:02',1,0.0916591),(7791,4,'2019-07-23 21:15:07',1,5.1535602),(7790,3,'2019-07-23 21:15:02',1,0.1503630),(7789,4,'2019-07-23 21:00:04',1,0.1835432),(7788,3,'2019-07-23 21:00:03',1,1.0828040),(7787,4,'2019-07-23 20:45:02',1,0.1738842),(7786,3,'2019-07-23 20:45:02',1,0.0940650),(7785,4,'2019-07-23 20:30:08',1,0.1644189),(7784,3,'2019-07-23 20:30:08',1,5.1010666),(7783,4,'2019-07-23 20:15:02',1,0.1748219),(7782,3,'2019-07-23 20:15:02',1,0.0757210),(7781,4,'2019-07-23 20:00:07',1,0.1726620),(7780,3,'2019-07-23 20:00:07',1,5.0890751),(7779,4,'2019-07-23 19:45:07',1,0.1481090),(7778,3,'2019-07-23 19:45:07',1,5.2859011),(7777,4,'2019-07-23 19:30:02',1,0.1724112),(7776,3,'2019-07-23 19:30:02',1,0.0748761),(7775,4,'2019-07-23 19:15:02',1,0.1774340),(7774,3,'2019-07-23 19:15:02',1,0.1499491),(7773,4,'2019-07-23 19:00:12',1,5.2245741),(7772,3,'2019-07-23 19:00:07',1,5.3062301),(7771,4,'2019-07-23 18:45:02',1,0.1735780),(7770,3,'2019-07-23 18:45:02',1,0.1261160),(7769,4,'2019-07-23 18:30:07',1,5.1945081),(7768,3,'2019-07-23 18:30:02',1,0.1749589),(7767,4,'2019-07-23 18:15:17',1,10.1765919),(7766,3,'2019-07-23 18:15:06',1,5.1032753),(7765,4,'2019-07-23 18:00:12',1,0.1790819),(7764,3,'2019-07-23 18:00:12',1,0.0464540),(7763,4,'2019-07-23 17:45:02',1,0.1996300),(7762,3,'2019-07-23 17:45:02',1,0.1137402),(7761,4,'2019-07-23 17:30:07',1,0.1856019),(7760,3,'2019-07-23 17:30:07',1,5.0838838),(7759,4,'2019-07-23 17:15:07',1,0.1707950),(7758,3,'2019-07-23 17:15:07',1,5.3121824),(7757,4,'2019-07-23 17:00:04',1,0.1655049),(7756,3,'2019-07-23 17:00:04',1,0.0942049),(7755,4,'2019-07-23 16:45:03',1,0.2022872),(7754,3,'2019-07-23 16:45:02',1,0.0910361),(7753,4,'2019-07-23 16:30:03',1,0.1945820),(7752,3,'2019-07-23 16:30:02',1,0.1387370),(7751,4,'2019-07-23 16:15:12',1,5.1736593),(7750,3,'2019-07-23 16:15:07',1,5.0869150),(7749,4,'2019-07-23 16:00:12',1,5.1819081),(7748,3,'2019-07-23 16:00:07',1,5.3086090),(7747,4,'2019-07-23 15:45:11',1,0.1708879),(7746,3,'2019-07-23 15:45:11',1,0.0699608),(7745,4,'2019-07-23 15:30:04',1,0.1679821),(7744,3,'2019-07-23 15:30:04',1,0.0589061),(7743,4,'2019-07-23 15:15:07',1,5.2074318),(7742,3,'2019-07-23 15:15:02',1,0.1811121),(7741,4,'2019-07-23 15:00:12',1,5.2366538),(7740,3,'2019-07-23 15:00:07',1,5.0876932),(7739,4,'2019-07-23 14:45:07',1,0.1996589),(7738,3,'2019-07-23 14:45:07',1,5.0808811),(7737,4,'2019-07-23 14:30:12',1,5.1749482),(7736,3,'2019-07-23 14:30:07',1,5.0876689),(7735,4,'2019-07-23 14:15:02',1,0.2011809),(7734,3,'2019-07-23 14:15:02',1,0.1451180),(7733,4,'2019-07-23 14:00:03',1,0.1884420),(7732,3,'2019-07-23 14:00:03',1,0.1354580),(7731,4,'2019-07-23 13:45:02',1,0.1864851),(7730,3,'2019-07-23 13:45:02',1,0.1401100),(7729,4,'2019-07-23 13:30:12',1,0.1707211),(7728,3,'2019-07-23 13:30:12',1,0.0840259),(7727,4,'2019-07-23 13:15:02',1,0.1964920),(7726,3,'2019-07-23 13:15:02',1,0.1789942),(7725,4,'2019-07-23 13:00:17',1,0.1834049),(7724,3,'2019-07-23 13:00:17',1,5.0885687),(7723,4,'2019-07-23 12:45:07',1,0.1870589),(7722,3,'2019-07-23 12:45:07',1,5.0752950),(7721,4,'2019-07-23 12:30:12',1,5.1634016),(7720,3,'2019-07-23 12:30:07',1,5.0911198),(7719,4,'2019-07-23 12:15:07',1,0.1758831),(7718,3,'2019-07-23 12:15:07',1,5.3061910),(7717,4,'2019-07-23 12:00:07',1,5.2108908),(7716,3,'2019-07-23 12:00:02',1,0.1911380),(7715,4,'2019-07-23 11:45:02',1,0.1907411),(7714,3,'2019-07-23 11:45:02',1,0.1515801),(7713,4,'2019-07-23 11:30:02',1,0.1906719),(7712,3,'2019-07-23 11:30:02',1,0.1802318),(7711,4,'2019-07-23 11:15:02',1,0.1935999),(7710,3,'2019-07-23 11:15:02',1,0.1739941),(7709,4,'2019-07-23 11:00:03',1,0.1591978),(7708,3,'2019-07-23 11:00:03',1,0.5900471),(7707,4,'2019-07-23 10:45:02',1,0.2109861),(7706,3,'2019-07-23 10:45:02',1,0.0561399),(7705,4,'2019-07-23 10:30:03',1,0.1713400),(7704,3,'2019-07-23 10:30:02',1,0.1394129),(7703,4,'2019-07-23 10:15:02',1,0.1782730),(7702,3,'2019-07-23 10:15:02',1,0.0619431),(7701,4,'2019-07-23 10:00:04',1,0.1769371),(7700,3,'2019-07-23 10:00:03',1,0.1951149),(7699,4,'2019-07-23 09:45:07',1,0.1855240),(7698,3,'2019-07-23 09:45:06',1,5.0788288),(7697,4,'2019-07-23 09:30:02',1,0.1761160),(7696,3,'2019-07-23 09:30:02',1,0.1359830),(7695,4,'2019-07-23 09:15:07',1,0.1930010),(7694,3,'2019-07-23 09:15:07',1,5.2928238),(7693,4,'2019-07-23 09:00:03',1,0.1693859),(7692,3,'2019-07-23 09:00:02',1,0.0756199),(7691,4,'2019-07-23 08:45:02',1,0.1894760),(7690,3,'2019-07-23 08:45:02',1,0.1225939),(7689,4,'2019-07-23 08:30:07',1,0.1827178),(7688,3,'2019-07-23 08:30:07',1,5.0976882),(7687,4,'2019-07-23 08:15:07',1,5.1909728),(7686,3,'2019-07-23 08:15:01',1,0.0820160),(7685,4,'2019-07-23 08:00:02',1,0.2088640),(7684,3,'2019-07-23 08:00:02',1,0.1112659),(7683,4,'2019-07-23 07:45:06',1,5.1868920),(7682,3,'2019-07-23 07:45:01',1,0.0828118),(7681,4,'2019-07-23 07:30:06',1,0.2024360),(7680,3,'2019-07-23 07:30:06',1,5.0758510),(7679,4,'2019-07-23 07:15:07',1,0.2053070),(7678,3,'2019-07-23 07:15:07',1,5.3010240),(7677,4,'2019-07-23 07:00:04',1,0.3099840),(7676,3,'2019-07-23 07:00:03',1,1.1813679),(7675,4,'2019-07-23 06:45:07',1,0.1689699),(7674,3,'2019-07-23 06:45:07',1,5.0798850),(7673,4,'2019-07-23 06:30:07',1,0.1934991),(7672,3,'2019-07-23 06:30:07',1,5.0886588),(7671,4,'2019-07-23 06:15:07',1,0.1688681),(7670,3,'2019-07-23 06:15:07',1,5.2983618),(7669,4,'2019-07-23 06:00:02',1,0.1956010),(7668,3,'2019-07-23 06:00:02',1,0.2039709),(7667,4,'2019-07-23 05:45:02',1,0.2051570),(7666,3,'2019-07-23 05:45:02',1,0.0648100),(7665,4,'2019-07-23 05:30:07',1,0.1861570),(7664,3,'2019-07-23 05:30:07',1,5.2898750),(7663,4,'2019-07-23 05:15:07',1,5.1728930),(7662,3,'2019-07-23 05:15:01',1,0.0954452),(7661,4,'2019-07-23 05:00:02',1,0.2365980),(7660,3,'2019-07-23 05:00:02',1,0.1882820),(7659,4,'2019-07-23 04:45:01',1,0.2055440),(7658,3,'2019-07-23 04:45:01',1,0.1808770),(7657,4,'2019-07-23 04:30:02',1,0.1717989),(7656,3,'2019-07-23 04:30:02',1,0.1746249),(7655,4,'2019-07-23 04:15:02',1,0.2080941),(7654,3,'2019-07-23 04:15:01',1,0.2256761),(7653,4,'2019-07-23 04:00:04',1,0.1809540),(7652,3,'2019-07-23 04:00:02',1,0.1970220),(7651,4,'2019-07-23 03:45:02',1,0.2073240),(7650,3,'2019-07-23 03:45:02',1,0.0717542),(7649,4,'2019-07-23 03:30:02',1,0.2007232),(7648,3,'2019-07-23 03:30:02',1,0.1850879),(7647,4,'2019-07-23 03:15:07',1,0.1886730),(7646,3,'2019-07-23 03:15:07',1,5.2843571),(7645,4,'2019-07-23 03:00:07',1,0.1797361),(7644,3,'2019-07-23 03:00:07',1,5.3058429),(7643,4,'2019-07-23 02:45:02',1,0.2233040),(7642,3,'2019-07-23 02:45:02',1,0.0986452),(7641,4,'2019-07-23 02:30:07',1,5.1722941),(7640,3,'2019-07-23 02:30:02',1,0.1814740),(7639,4,'2019-07-23 02:15:07',1,0.1724372),(7638,3,'2019-07-23 02:15:07',1,5.2833691),(7637,4,'2019-07-23 02:00:04',1,0.1950500),(7636,3,'2019-07-23 02:00:03',1,0.1325290),(7635,4,'2019-07-23 01:45:02',1,0.1998191),(7634,3,'2019-07-23 01:45:02',1,0.1615701),(7633,4,'2019-07-23 01:30:03',1,0.1713941),(7632,3,'2019-07-23 01:30:02',1,0.1450040),(7631,4,'2019-07-23 01:15:02',1,0.1742971),(7630,3,'2019-07-23 01:15:02',1,0.1287591),(7629,4,'2019-07-23 01:00:08',1,0.1671190),(7628,3,'2019-07-23 01:00:08',1,5.6954389),(7627,4,'2019-07-23 00:45:07',1,0.1672969),(7626,3,'2019-07-23 00:45:07',1,5.2867708),(7625,4,'2019-07-23 00:30:07',1,0.1590118),(6853,4,'2019-07-19 00:00:03',1,0.1476691),(6852,3,'2019-07-19 00:00:02',1,0.0809071),(6469,4,'2019-07-17 00:00:07',1,0.1868711),(6468,3,'2019-07-17 00:00:07',1,5.0875731),(7232,3,'2019-07-20 23:30:02',1,0.1322360),(7231,4,'2019-07-20 23:15:06',1,5.1589532),(7045,4,'2019-07-20 00:00:08',1,0.1631200),(7044,3,'2019-07-20 00:00:08',1,5.2158928),(6851,4,'2019-07-18 23:45:02',1,0.1512060),(6850,3,'2019-07-18 23:45:02',1,0.0491519),(6849,4,'2019-07-18 23:30:07',1,0.1601269),(6848,3,'2019-07-18 23:30:07',1,5.0953183),(6847,4,'2019-07-18 23:15:07',1,5.1732998),(6846,3,'2019-07-18 23:15:02',1,0.2862251),(6845,4,'2019-07-18 23:00:04',1,0.1462522),(6844,3,'2019-07-18 23:00:04',1,2.2471321),(6843,4,'2019-07-18 22:45:02',1,0.1431451),(6842,3,'2019-07-18 22:45:02',1,0.1286678),(6841,4,'2019-07-18 22:30:07',1,5.1477070),(6840,3,'2019-07-18 22:30:02',1,0.1302090),(6839,4,'2019-07-18 22:15:07',1,0.1930459),(6838,3,'2019-07-18 22:15:06',1,5.2846036),(6837,4,'2019-07-18 22:00:03',1,0.1622760),(6836,3,'2019-07-18 22:00:03',1,0.7468898),(6835,4,'2019-07-18 21:45:07',1,0.1676319),(6834,3,'2019-07-18 21:45:06',1,5.0981541),(6833,4,'2019-07-18 21:30:07',1,0.1689382),(6832,3,'2019-07-18 21:30:07',1,5.0908270),(6831,4,'2019-07-18 21:15:02',1,0.1567690),(6830,3,'2019-07-18 21:15:02',1,0.0843070),(6829,4,'2019-07-18 21:00:08',1,5.1517930),(6828,3,'2019-07-18 21:00:02',1,0.7656689),(6827,4,'2019-07-18 20:45:07',1,0.1616859),(6826,3,'2019-07-18 20:45:07',1,5.2714300),(6825,4,'2019-07-18 20:30:12',1,5.1549134),(6824,3,'2019-07-18 20:30:07',1,5.2824798),(6823,4,'2019-07-18 20:15:08',1,0.1444931),(6822,3,'2019-07-18 20:15:08',1,6.3159132),(6821,4,'2019-07-18 20:00:07',1,5.1568618),(6820,3,'2019-07-18 20:00:02',1,0.0896280),(6819,4,'2019-07-18 19:45:06',1,0.1550419),(6818,3,'2019-07-18 19:45:06',1,5.0811901),(6817,4,'2019-07-18 19:30:07',1,0.1563931),(6816,3,'2019-07-18 19:30:07',1,5.2813368),(6815,4,'2019-07-18 19:15:07',1,0.1512020),(6814,3,'2019-07-18 19:15:07',1,5.1129832),(6813,4,'2019-07-18 19:00:12',1,5.1522298),(6812,3,'2019-07-18 19:00:07',1,5.1092048),(6811,4,'2019-07-18 18:45:06',1,5.1546502),(6810,3,'2019-07-18 18:45:01',1,0.0685520),(6809,4,'2019-07-18 18:30:03',1,0.1777642),(6808,3,'2019-07-18 18:30:02',1,0.2757101),(6807,4,'2019-07-18 18:15:07',1,0.1626341),(6806,3,'2019-07-18 18:15:07',1,5.2887068),(6805,4,'2019-07-18 18:00:08',1,0.1648991),(6804,3,'2019-07-18 18:00:08',1,5.2954898),(6803,4,'2019-07-18 17:45:06',1,0.1543291),(6802,3,'2019-07-18 17:45:06',1,5.0922246),(6801,4,'2019-07-18 17:30:07',1,0.1513169),(6800,3,'2019-07-18 17:30:07',1,5.2422190),(6799,4,'2019-07-18 17:15:12',1,5.1557541),(6798,3,'2019-07-18 17:15:07',1,5.0912800),(6797,4,'2019-07-18 17:00:02',1,0.2423830),(6796,3,'2019-07-18 17:00:02',1,0.1946442),(6795,4,'2019-07-18 16:45:06',1,5.1645999),(6794,3,'2019-07-18 16:45:02',1,0.0701301),(6793,4,'2019-07-18 16:30:02',1,0.1874390),(6792,3,'2019-07-18 16:30:02',1,0.1841390),(6791,4,'2019-07-18 16:15:07',1,0.1716578),(6790,3,'2019-07-18 16:15:07',1,5.1041741),(6789,4,'2019-07-18 16:00:04',1,0.1555688),(6788,3,'2019-07-18 16:00:04',1,0.1406419),(6787,4,'2019-07-18 15:45:07',1,0.1469619),(6786,3,'2019-07-18 15:45:07',1,5.0802283),(6785,4,'2019-07-18 15:30:07',1,0.1675599),(6784,3,'2019-07-18 15:30:07',1,5.2873273),(6783,4,'2019-07-18 15:15:07',1,0.1777439),(6782,3,'2019-07-18 15:15:07',1,5.1005931),(6781,4,'2019-07-18 15:00:08',1,0.1472628),(6780,3,'2019-07-18 15:00:08',1,5.0955882),(6779,4,'2019-07-18 14:45:07',1,0.1732690),(6778,3,'2019-07-18 14:45:07',1,5.2871027),(6777,4,'2019-07-18 14:30:07',1,0.1594400),(6776,3,'2019-07-18 14:30:07',1,5.0960350),(6775,4,'2019-07-18 14:15:02',1,0.1931300),(6774,3,'2019-07-18 14:15:02',1,0.1352170),(6773,4,'2019-07-18 14:00:12',1,5.1495581),(6772,3,'2019-07-18 14:00:07',1,5.0945139),(6771,4,'2019-07-18 13:45:02',1,0.2063360),(6770,3,'2019-07-18 13:45:01',1,0.1453850),(6769,4,'2019-07-18 13:30:08',1,0.1809380),(6768,3,'2019-07-18 13:30:07',1,5.2327876),(6767,4,'2019-07-18 13:15:07',1,5.1528320),(6766,3,'2019-07-18 13:15:02',1,0.0712299),(6765,4,'2019-07-18 13:00:07',1,0.1932721),(6764,3,'2019-07-18 13:00:07',1,5.0889640),(6763,4,'2019-07-18 12:45:12',1,5.1668706),(6762,3,'2019-07-18 12:45:07',1,5.2843080),(6761,4,'2019-07-18 12:30:07',1,0.1746640),(6760,3,'2019-07-18 12:30:06',1,5.0504708),(6759,4,'2019-07-18 12:15:13',1,5.1510010),(6758,3,'2019-07-18 12:15:07',1,5.2847562),(6757,4,'2019-07-18 12:00:08',1,0.1897702),(6756,3,'2019-07-18 12:00:08',1,6.0935302),(6755,4,'2019-07-18 11:45:04',1,0.1691480),(6754,3,'2019-07-18 11:45:04',1,0.0930989),(6753,4,'2019-07-18 11:30:07',1,0.1645310),(6752,3,'2019-07-18 11:30:07',1,5.2762461),(6751,4,'2019-07-18 11:15:07',1,0.1659842),(6750,3,'2019-07-18 11:15:07',1,5.2853808),(6749,4,'2019-07-18 11:00:12',1,10.1661911),(6748,3,'2019-07-18 11:00:02',1,0.1856611),(6747,4,'2019-07-18 10:45:07',1,5.1580009),(6746,3,'2019-07-18 10:45:02',1,0.2061269),(6745,4,'2019-07-18 10:30:07',1,5.1816931),(6744,3,'2019-07-18 10:30:02',1,0.1767120),(6743,4,'2019-07-18 10:15:07',1,0.1758189),(6742,3,'2019-07-18 10:15:07',1,5.0962114),(6741,4,'2019-07-18 10:00:04',1,0.1462541),(6740,3,'2019-07-18 10:00:04',1,0.1989388),(6739,4,'2019-07-18 09:45:02',1,0.2931681),(6738,3,'2019-07-18 09:45:02',1,0.2306709),(6737,4,'2019-07-18 09:30:07',1,0.1580751),(6736,3,'2019-07-18 09:30:07',1,5.1007209),(6735,4,'2019-07-18 09:15:09',1,0.1445951),(6734,3,'2019-07-18 09:15:09',1,7.3039799),(6733,4,'2019-07-18 09:00:12',1,5.7515440),(6732,3,'2019-07-18 09:00:07',1,5.1312242),(6731,4,'2019-07-18 08:45:07',1,0.1448290),(6730,3,'2019-07-18 08:45:07',1,5.0771241),(6729,4,'2019-07-18 08:30:11',1,0.1481531),(6728,3,'2019-07-18 08:30:11',1,0.0371490),(6727,4,'2019-07-18 08:15:07',1,0.1630449),(6726,3,'2019-07-18 08:15:06',1,5.2993183),(6725,4,'2019-07-18 08:00:03',1,0.2148001),(6724,3,'2019-07-18 08:00:02',1,0.1836240),(6723,4,'2019-07-18 07:45:02',1,0.1596100),(6722,3,'2019-07-18 07:45:02',1,0.2279339),(6721,4,'2019-07-18 07:30:03',1,0.1777658),(6720,3,'2019-07-18 07:30:02',1,0.1230192),(6719,4,'2019-07-18 07:15:03',1,0.1668100),(6718,3,'2019-07-18 07:15:02',1,0.4710960),(6717,4,'2019-07-18 07:00:07',1,0.1611578),(6716,3,'2019-07-18 07:00:07',1,5.0813012),(6715,4,'2019-07-18 06:45:07',1,5.1630707),(6714,3,'2019-07-18 06:45:01',1,0.0903742),(6713,4,'2019-07-18 06:30:07',1,0.1741710),(6712,3,'2019-07-18 06:30:07',1,5.2899804),(6711,4,'2019-07-18 06:15:07',1,5.1511030),(6710,3,'2019-07-18 06:15:02',1,0.1817341),(6709,4,'2019-07-18 06:00:03',1,0.1661320),(6708,3,'2019-07-18 06:00:02',1,0.0575252),(6707,4,'2019-07-18 05:45:06',1,0.1761320),(6706,3,'2019-07-18 05:45:06',1,5.0865283),(6705,4,'2019-07-18 05:30:12',1,5.1491551),(6704,3,'2019-07-18 05:30:07',1,5.0799818),(6703,4,'2019-07-18 05:15:07',1,0.1806190),(6702,3,'2019-07-18 05:15:07',1,5.2909842),(6701,4,'2019-07-18 05:00:08',1,5.1607580),(6700,3,'2019-07-18 05:00:02',1,0.2442532),(6699,4,'2019-07-18 04:45:02',1,0.2206671),(6698,3,'2019-07-18 04:45:02',1,0.2245169),(6697,4,'2019-07-18 04:30:12',1,5.1522889),(6696,3,'2019-07-18 04:30:07',1,5.0879207),(6695,4,'2019-07-18 04:15:07',1,5.1531720),(6694,3,'2019-07-18 04:15:01',1,0.1392889),(6693,4,'2019-07-18 04:00:07',1,0.1759920),(6692,3,'2019-07-18 04:00:07',1,5.1033087),(7624,3,'2019-07-23 00:30:06',1,5.0818086),(7374,3,'2019-07-21 17:15:07',1,5.0873280),(7373,4,'2019-07-21 17:00:03',1,0.1747441),(7236,3,'2019-07-21 00:00:07',1,5.0912590),(7043,4,'2019-07-19 23:45:02',1,0.1459789),(7042,3,'2019-07-19 23:45:02',1,0.0639780),(7041,4,'2019-07-19 23:30:07',1,0.2750218),(7040,3,'2019-07-19 23:30:07',1,5.2843933),(7039,4,'2019-07-19 23:15:07',1,0.1680431),(7038,3,'2019-07-19 23:15:07',1,5.2869358),(7037,4,'2019-07-19 23:00:07',1,5.1626377),(7036,3,'2019-07-19 23:00:02',1,0.1869590),(7035,4,'2019-07-19 22:45:06',1,0.1533511),(7034,3,'2019-07-19 22:45:06',1,5.0821519),(7033,4,'2019-07-19 22:30:02',1,0.1814270),(7032,3,'2019-07-19 22:30:02',1,0.1762049),(7031,4,'2019-07-19 22:15:07',1,0.1678891),(7030,3,'2019-07-19 22:15:07',1,5.2819200),(7029,4,'2019-07-19 22:00:07',1,0.1807439),(7028,3,'2019-07-19 22:00:07',1,5.0889802),(7027,4,'2019-07-19 21:45:02',1,0.1458910),(7026,3,'2019-07-19 21:45:02',1,0.1402049),(7025,4,'2019-07-19 21:30:07',1,0.1782331),(7024,3,'2019-07-19 21:30:07',1,5.0805173),(7023,4,'2019-07-19 21:15:02',1,0.1555181),(7022,3,'2019-07-19 21:15:02',1,0.0934210),(7021,4,'2019-07-19 21:00:07',1,0.1698930),(7020,3,'2019-07-19 21:00:07',1,5.2910242),(7019,4,'2019-07-19 20:45:02',1,0.1683719),(7018,3,'2019-07-19 20:45:02',1,0.0689440),(7017,4,'2019-07-19 20:30:02',1,0.1675591),(7016,3,'2019-07-19 20:30:02',1,0.1997879),(7015,4,'2019-07-19 20:15:07',1,0.1783080),(7014,3,'2019-07-19 20:15:07',1,5.1012230),(7013,4,'2019-07-19 20:00:07',1,0.1518509),(7012,3,'2019-07-19 20:00:07',1,5.2888813),(7011,4,'2019-07-19 19:45:07',1,0.1527109),(7010,3,'2019-07-19 19:45:07',1,5.0820580),(7009,4,'2019-07-19 19:30:08',1,5.1497869),(7008,3,'2019-07-19 19:30:02',1,0.1372609),(7007,4,'2019-07-19 19:15:07',1,0.1612091),(7006,3,'2019-07-19 19:15:07',1,5.2840862),(7005,4,'2019-07-19 19:00:07',1,0.1630909),(7004,3,'2019-07-19 19:00:07',1,5.0738549),(7003,4,'2019-07-19 18:45:11',1,5.1500969),(7002,3,'2019-07-19 18:45:06',1,5.2888317),(7001,4,'2019-07-19 18:30:07',1,5.1592669),(7000,3,'2019-07-19 18:30:02',1,0.1390011),(6999,4,'2019-07-19 18:15:07',1,0.1654911),(6998,3,'2019-07-19 18:15:07',1,5.3075943),(6997,4,'2019-07-19 18:00:07',1,0.1942060),(6996,3,'2019-07-19 18:00:07',1,5.3083310),(6995,4,'2019-07-19 17:45:08',1,0.2072630),(6994,3,'2019-07-19 17:45:08',1,6.0716329),(6993,4,'2019-07-19 17:30:07',1,5.1522412),(6992,3,'2019-07-19 17:30:02',1,0.0993190),(6991,4,'2019-07-19 17:15:07',1,5.1531229),(6990,3,'2019-07-19 17:15:02',1,0.1929340),(6989,4,'2019-07-19 17:00:02',1,0.1939499),(6988,3,'2019-07-19 17:00:02',1,0.2005708),(6987,4,'2019-07-19 16:45:02',1,0.1493361),(6986,3,'2019-07-19 16:45:02',1,0.1366630),(6985,4,'2019-07-19 16:30:08',1,5.1546092),(6984,3,'2019-07-19 16:30:03',1,0.4762862),(6983,4,'2019-07-19 16:15:07',1,0.1676810),(6982,3,'2019-07-19 16:15:07',1,5.0868711),(6981,4,'2019-07-19 16:00:05',1,0.2702360),(6980,3,'2019-07-19 16:00:05',1,0.2073910),(6979,4,'2019-07-19 15:45:07',1,0.1697330),(6978,3,'2019-07-19 15:45:07',1,5.7001710),(6977,4,'2019-07-19 15:30:07',1,0.1767139),(6976,3,'2019-07-19 15:30:07',1,5.2856479),(6975,4,'2019-07-19 15:15:02',1,0.1767819),(6974,3,'2019-07-19 15:15:02',1,0.5324631),(6973,4,'2019-07-19 15:00:12',1,5.1955438),(6972,3,'2019-07-19 15:00:07',1,5.3009181),(6971,4,'2019-07-19 14:45:07',1,5.1551733),(6970,3,'2019-07-19 14:45:01',1,0.1412790),(6969,4,'2019-07-19 14:30:07',1,5.1518259),(6968,3,'2019-07-19 14:30:02',1,0.1341929),(6967,4,'2019-07-19 14:15:02',1,0.1657400),(6966,3,'2019-07-19 14:15:02',1,0.0833678),(6965,4,'2019-07-19 14:00:07',1,0.1663520),(6964,3,'2019-07-19 14:00:07',1,5.1033340),(6963,4,'2019-07-19 13:45:12',1,5.1529789),(6962,3,'2019-07-19 13:45:06',1,5.1331339),(6961,4,'2019-07-19 13:30:17',1,0.1767809),(6960,3,'2019-07-19 13:30:17',1,5.2790189),(6959,4,'2019-07-19 13:15:07',1,0.1760762),(6958,3,'2019-07-19 13:15:07',1,5.0868311),(6957,4,'2019-07-19 13:00:08',1,0.1920412),(6956,3,'2019-07-19 13:00:07',1,5.0995741),(6955,4,'2019-07-19 12:45:02',1,0.1943619),(6954,3,'2019-07-19 12:45:02',1,0.1301188),(6953,4,'2019-07-19 12:30:12',1,0.1687729),(6952,3,'2019-07-19 12:30:12',1,0.0403731),(6951,4,'2019-07-19 12:15:07',1,0.1726971),(6950,3,'2019-07-19 12:15:07',1,5.0940971),(6949,4,'2019-07-19 12:00:08',1,0.1908350),(6948,3,'2019-07-19 12:00:08',1,5.3052201),(6947,4,'2019-07-19 11:45:02',1,0.1640582),(6946,3,'2019-07-19 11:45:02',1,0.0971971),(6945,4,'2019-07-19 11:30:07',1,0.1639631),(6944,3,'2019-07-19 11:30:07',1,5.2984128),(6943,4,'2019-07-19 11:15:12',1,5.1528978),(6942,3,'2019-07-19 11:15:07',1,5.2801251),(6941,4,'2019-07-19 11:00:07',1,5.1577001),(6940,3,'2019-07-19 11:00:02',1,0.1413121),(6939,4,'2019-07-19 10:45:01',1,0.1659930),(6938,3,'2019-07-19 10:45:01',1,0.1428349),(6937,4,'2019-07-19 10:30:02',1,0.1619639),(6936,3,'2019-07-19 10:30:01',1,0.0897951),(6935,4,'2019-07-19 10:15:03',1,0.1640229),(6934,3,'2019-07-19 10:15:02',1,0.6902909),(6933,4,'2019-07-19 10:00:07',1,0.1974301),(6932,3,'2019-07-19 10:00:07',1,5.2977724),(6931,4,'2019-07-19 09:45:07',1,0.1657000),(6930,3,'2019-07-19 09:45:07',1,5.2757287),(6929,4,'2019-07-19 09:30:02',1,0.1662741),(6928,3,'2019-07-19 09:30:02',1,0.2305162),(6927,4,'2019-07-19 09:15:12',1,5.1505489),(6926,3,'2019-07-19 09:15:07',1,5.0802517),(6925,4,'2019-07-19 09:00:07',1,5.1590009),(6924,3,'2019-07-19 09:00:02',1,0.1031921),(6923,4,'2019-07-19 08:45:07',1,5.1520629),(6922,3,'2019-07-19 08:45:02',1,0.1276319),(6921,4,'2019-07-19 08:30:07',1,0.1785409),(6920,3,'2019-07-19 08:30:07',1,5.2743421),(6919,4,'2019-07-19 08:15:07',1,0.1560731),(6918,3,'2019-07-19 08:15:07',1,5.1285691),(6917,4,'2019-07-19 08:00:07',1,0.1662300),(6916,3,'2019-07-19 08:00:07',1,5.0887880),(6915,4,'2019-07-19 07:45:07',1,0.1423340),(6914,3,'2019-07-19 07:45:07',1,5.0775719),(6913,4,'2019-07-19 07:30:02',1,0.3246980),(6912,3,'2019-07-19 07:30:02',1,0.1557491),(6911,4,'2019-07-19 07:15:07',1,0.1549420),(6910,3,'2019-07-19 07:15:07',1,5.0861840),(6909,4,'2019-07-19 07:00:12',1,5.1545372),(6908,3,'2019-07-19 07:00:07',1,5.0858569),(6907,4,'2019-07-19 06:45:07',1,0.1743219),(6906,3,'2019-07-19 06:45:07',1,5.2822890),(6905,4,'2019-07-19 06:30:07',1,0.1446531),(6904,3,'2019-07-19 06:30:07',1,5.2759738),(6903,4,'2019-07-19 06:15:07',1,5.1530681),(6902,3,'2019-07-19 06:15:02',1,0.1815939),(6901,4,'2019-07-19 06:00:04',1,0.1531758),(6900,3,'2019-07-19 06:00:04',1,1.1009860),(6899,4,'2019-07-19 05:45:07',1,0.1610010),(6898,3,'2019-07-19 05:45:07',1,5.0770249),(6897,4,'2019-07-19 05:30:07',1,0.1625621),(6896,3,'2019-07-19 05:30:07',1,5.0984397),(6895,4,'2019-07-19 05:15:07',1,0.1508660),(6894,3,'2019-07-19 05:15:07',1,5.2924218),(6893,4,'2019-07-19 05:00:04',1,0.1533561),(6892,3,'2019-07-19 05:00:04',1,2.5326281),(6891,4,'2019-07-19 04:45:06',1,5.1696720),(6890,3,'2019-07-19 04:45:01',1,0.0752389),(6889,4,'2019-07-19 04:30:08',1,0.1449912),(6888,3,'2019-07-19 04:30:07',1,5.2852688),(6887,4,'2019-07-19 04:15:07',1,0.1534209),(6886,3,'2019-07-19 04:15:07',1,5.3016081),(6885,4,'2019-07-19 04:00:07',1,0.1710050),(6884,3,'2019-07-19 04:00:07',1,5.0896931),(6883,4,'2019-07-19 03:45:07',1,0.1524389),(6882,3,'2019-07-19 03:45:07',1,5.2764640),(6881,4,'2019-07-19 03:30:02',1,0.1767600),(6880,3,'2019-07-19 03:30:02',1,0.1034291),(6879,4,'2019-07-19 03:15:07',1,0.1458709),(6878,3,'2019-07-19 03:15:07',1,5.1021752),(6877,4,'2019-07-19 03:00:07',1,0.1643372),(6876,3,'2019-07-19 03:00:07',1,5.1001854),(6875,4,'2019-07-19 02:45:07',1,0.1547742),(6874,3,'2019-07-19 02:45:07',1,5.0853519),(6873,4,'2019-07-19 02:30:07',1,0.1643271),(6872,3,'2019-07-19 02:30:07',1,5.2827311),(6871,4,'2019-07-19 02:15:02',1,0.1556370),(6870,3,'2019-07-19 02:15:02',1,0.0931880),(6869,4,'2019-07-19 02:00:03',1,0.1433890),(6868,3,'2019-07-19 02:00:03',1,0.1014841),(6867,4,'2019-07-19 01:45:02',1,0.2315822),(6866,3,'2019-07-19 01:45:01',1,0.2313550),(6865,4,'2019-07-19 01:30:07',1,5.1832700),(6864,3,'2019-07-19 01:30:02',1,0.1360760),(6863,4,'2019-07-19 01:15:02',1,0.2407579),(6862,3,'2019-07-19 01:15:02',1,0.1372411),(6861,4,'2019-07-19 01:00:08',1,0.1476259),(6860,3,'2019-07-19 01:00:08',1,5.2915001),(6859,4,'2019-07-19 00:45:07',1,0.1719942),(6858,3,'2019-07-19 00:45:07',1,5.1179509),(6857,4,'2019-07-19 00:30:08',1,0.1609170),(6856,3,'2019-07-19 00:30:07',1,5.2895627),(7372,3,'2019-07-21 17:00:03',1,0.7379191),(7371,4,'2019-07-21 16:45:02',1,0.1468959),(7235,4,'2019-07-20 23:45:07',1,0.1549909),(7234,3,'2019-07-20 23:45:07',1,5.2775340),(7233,4,'2019-07-20 23:30:02',1,0.1458189),(7370,3,'2019-07-21 16:45:02',1,0.1830680),(7369,4,'2019-07-21 16:30:07',1,0.1584332),(7230,3,'2019-07-20 23:15:01',1,0.0825019),(7229,4,'2019-07-20 23:00:07',1,5.1489973),(7228,3,'2019-07-20 23:00:02',1,0.0929122),(7227,4,'2019-07-20 22:45:07',1,0.1519639),(7226,3,'2019-07-20 22:45:07',1,5.2887902),(7225,4,'2019-07-20 22:30:02',1,0.1737890),(7224,3,'2019-07-20 22:30:02',1,0.0978909),(7223,4,'2019-07-20 22:15:07',1,5.1537881),(7222,3,'2019-07-20 22:15:01',1,0.1757588),(7221,4,'2019-07-20 22:00:07',1,5.1682439),(7220,3,'2019-07-20 22:00:02',1,0.1824369),(7219,4,'2019-07-20 21:45:03',1,0.1438501),(7218,3,'2019-07-20 21:45:02',1,0.1275871),(7217,4,'2019-07-20 21:30:07',1,5.1482639),(7216,3,'2019-07-20 21:30:01',1,0.1005569),(7215,4,'2019-07-20 21:15:07',1,0.1654000),(7214,3,'2019-07-20 21:15:06',1,5.2835250),(7213,4,'2019-07-20 21:00:07',1,0.1625500),(7212,3,'2019-07-20 21:00:07',1,5.0921779),(7211,4,'2019-07-20 20:45:07',1,5.1519880),(7210,3,'2019-07-20 20:45:02',1,0.1224260),(7209,4,'2019-07-20 20:30:07',1,0.1527991),(7208,3,'2019-07-20 20:30:06',1,5.0767889),(7207,4,'2019-07-20 20:15:07',1,0.1559680),(7206,3,'2019-07-20 20:15:07',1,5.1010971),(7205,4,'2019-07-20 20:00:07',1,0.1603019),(7204,3,'2019-07-20 20:00:07',1,5.2899599),(7203,4,'2019-07-20 19:45:07',1,5.1500678),(7202,3,'2019-07-20 19:45:02',1,0.2302699),(7201,4,'2019-07-20 19:30:07',1,5.1498418),(7200,3,'2019-07-20 19:30:02',1,0.0859201),(7199,4,'2019-07-20 19:15:02',1,0.1557062),(7198,3,'2019-07-20 19:15:02',1,0.0672340),(7197,4,'2019-07-20 19:00:03',1,0.2897799),(7196,3,'2019-07-20 19:00:03',1,0.2011149),(7195,4,'2019-07-20 18:45:07',1,5.1510701),(7194,3,'2019-07-20 18:45:02',1,0.0906589),(7193,4,'2019-07-20 18:30:07',1,5.1516371),(7192,3,'2019-07-20 18:30:01',1,0.1981020),(7191,4,'2019-07-20 18:15:02',1,0.1915421),(7190,3,'2019-07-20 18:15:02',1,0.0780120),(7189,4,'2019-07-20 18:00:02',1,0.1815779),(7188,3,'2019-07-20 18:00:02',1,0.2014081),(7187,4,'2019-07-20 17:45:02',1,0.1583860),(7186,3,'2019-07-20 17:45:02',1,0.0555420),(7185,4,'2019-07-20 17:30:02',1,0.1781480),(7184,3,'2019-07-20 17:30:02',1,0.1925740),(7183,4,'2019-07-20 17:15:02',1,0.1621902),(7182,3,'2019-07-20 17:15:02',1,0.1472850),(7181,4,'2019-07-20 17:00:07',1,0.1467118),(7180,3,'2019-07-20 17:00:07',1,5.0876212),(7179,4,'2019-07-20 16:45:02',1,0.1513500),(7178,3,'2019-07-20 16:45:02',1,0.1358590),(7177,4,'2019-07-20 16:30:07',1,5.1580982),(7176,3,'2019-07-20 16:30:02',1,0.0714309),(7175,4,'2019-07-20 16:15:02',1,0.1514261),(7174,3,'2019-07-20 16:15:02',1,0.2005579),(7173,4,'2019-07-20 16:00:02',1,0.1785100),(7172,3,'2019-07-20 16:00:01',1,0.0930400),(7171,4,'2019-07-20 15:45:02',1,0.1491768),(7170,3,'2019-07-20 15:45:02',1,0.1784840),(7169,4,'2019-07-20 15:30:07',1,0.1523371),(7168,3,'2019-07-20 15:30:07',1,5.0822239),(7167,4,'2019-07-20 15:15:07',1,0.1453650),(7166,3,'2019-07-20 15:15:06',1,5.2341352),(7165,4,'2019-07-20 15:00:02',1,0.1991961),(7164,3,'2019-07-20 15:00:02',1,0.2015219),(7163,4,'2019-07-20 14:45:07',1,5.1544800),(7162,3,'2019-07-20 14:45:02',1,0.0811689),(7161,4,'2019-07-20 14:30:07',1,5.1544490),(7160,3,'2019-07-20 14:30:02',1,0.2361920),(7159,4,'2019-07-20 14:15:07',1,0.1531291),(7158,3,'2019-07-20 14:15:07',1,5.2736578),(7157,4,'2019-07-20 14:00:08',1,5.1514802),(7156,3,'2019-07-20 14:00:02',1,1.1194949),(7155,4,'2019-07-20 13:45:06',1,0.1621101),(7154,3,'2019-07-20 13:45:06',1,5.0896230),(7153,4,'2019-07-20 13:30:02',1,0.1533940),(7152,3,'2019-07-20 13:30:02',1,0.1875811),(7151,4,'2019-07-20 13:15:02',1,0.2125168),(7150,3,'2019-07-20 13:15:01',1,0.1903701),(7149,4,'2019-07-20 13:00:04',1,0.1822820),(7148,3,'2019-07-20 13:00:04',1,0.1974599),(7147,4,'2019-07-20 12:45:02',1,0.1815450),(7146,3,'2019-07-20 12:45:02',1,0.0724750),(7145,4,'2019-07-20 12:30:07',1,0.1566620),(7144,3,'2019-07-20 12:30:06',1,5.0893168),(7143,4,'2019-07-20 12:15:02',1,0.1534250),(7142,3,'2019-07-20 12:15:01',1,0.1850941),(7141,4,'2019-07-20 12:00:05',1,0.1494350),(7140,3,'2019-07-20 12:00:04',1,2.5298648),(7139,4,'2019-07-20 11:45:01',1,0.1764839),(7138,3,'2019-07-20 11:45:01',1,0.1773241),(7137,4,'2019-07-20 11:30:07',1,0.1514051),(7136,3,'2019-07-20 11:30:07',1,5.2829986),(7135,4,'2019-07-20 11:15:07',1,0.1493449),(7134,3,'2019-07-20 11:15:07',1,5.0794363),(7133,4,'2019-07-20 11:00:02',1,0.1571221),(7132,3,'2019-07-20 11:00:02',1,0.1370602),(7131,4,'2019-07-20 10:45:02',1,0.1677830),(7130,3,'2019-07-20 10:45:01',1,0.4963880),(7129,4,'2019-07-20 10:30:02',1,0.1608241),(7128,3,'2019-07-20 10:30:02',1,0.1211741),(7127,4,'2019-07-20 10:15:07',1,0.1522920),(7126,3,'2019-07-20 10:15:07',1,5.2818871),(7125,4,'2019-07-20 10:00:08',1,0.1617348),(7124,3,'2019-07-20 10:00:07',1,5.2818122),(7123,4,'2019-07-20 09:45:06',1,0.1484451),(7122,3,'2019-07-20 09:45:06',1,5.0753341),(7121,4,'2019-07-20 09:30:06',1,0.1465240),(7120,3,'2019-07-20 09:30:06',1,5.0959382),(7119,4,'2019-07-20 09:15:02',1,0.1521120),(7118,3,'2019-07-20 09:15:02',1,0.0411270),(7117,4,'2019-07-20 09:00:07',1,0.1552610),(7116,3,'2019-07-20 09:00:07',1,5.0831528),(7115,4,'2019-07-20 08:45:07',1,0.1539700),(7114,3,'2019-07-20 08:45:07',1,5.2732401),(7113,4,'2019-07-20 08:30:02',1,0.1529460),(7112,3,'2019-07-20 08:30:02',1,0.4898920),(7111,4,'2019-07-20 08:15:01',1,0.2034101),(7110,3,'2019-07-20 08:15:01',1,0.1516500),(7109,4,'2019-07-20 08:00:03',1,0.1470590),(7108,3,'2019-07-20 08:00:03',1,0.8382030),(7107,4,'2019-07-20 07:45:02',1,0.2210379),(7106,3,'2019-07-20 07:45:02',1,0.1248610),(7105,4,'2019-07-20 07:30:07',1,0.1511660),(7104,3,'2019-07-20 07:30:07',1,5.2535992),(7103,4,'2019-07-20 07:15:06',1,5.1465993),(7102,3,'2019-07-20 07:15:01',1,0.0875959),(7101,4,'2019-07-20 07:00:07',1,0.1745319),(7100,3,'2019-07-20 07:00:07',1,5.3023853),(7099,4,'2019-07-20 06:45:02',1,0.1444151),(7098,3,'2019-07-20 06:45:02',1,0.1821151),(7097,4,'2019-07-20 06:30:02',1,0.1801889),(7096,3,'2019-07-20 06:30:02',1,0.1756339),(7095,4,'2019-07-20 06:15:07',1,0.1476951),(7094,3,'2019-07-20 06:15:07',1,5.0828981),(7093,4,'2019-07-20 06:00:02',1,0.1769590),(7092,3,'2019-07-20 06:00:02',1,0.2496531),(7091,4,'2019-07-20 05:45:04',1,0.1522310),(7090,3,'2019-07-20 05:45:04',1,0.0731299),(7089,4,'2019-07-20 05:30:02',1,0.1606231),(7088,3,'2019-07-20 05:30:02',1,0.0634241),(7087,4,'2019-07-20 05:15:07',1,5.1551361),(7086,3,'2019-07-20 05:15:02',1,0.1318209),(7085,4,'2019-07-20 05:00:12',1,5.1598678),(7084,3,'2019-07-20 05:00:07',1,5.2974329),(7083,4,'2019-07-20 04:45:12',1,5.1523242),(7082,3,'2019-07-20 04:45:07',1,5.2750659),(7081,4,'2019-07-20 04:30:12',1,5.7561340),(7080,3,'2019-07-20 04:30:07',1,5.2910843),(7079,4,'2019-07-20 04:15:06',1,0.1528871),(7078,3,'2019-07-20 04:15:06',1,5.1045151),(7077,4,'2019-07-20 04:00:02',1,0.2019191),(7076,3,'2019-07-20 04:00:02',1,0.1919110),(7075,4,'2019-07-20 03:45:04',1,0.1463549),(7074,3,'2019-07-20 03:45:04',1,2.5675349),(7073,4,'2019-07-20 03:30:07',1,5.1585002),(7072,3,'2019-07-20 03:30:01',1,0.0849478),(7071,4,'2019-07-20 03:15:07',1,0.1508188),(7070,3,'2019-07-20 03:15:07',1,5.1450443),(7069,4,'2019-07-20 03:00:07',1,0.1657739),(7068,3,'2019-07-20 03:00:07',1,5.3048530),(7067,4,'2019-07-20 02:45:07',1,5.1627631),(7066,3,'2019-07-20 02:45:02',1,0.0824201),(7065,4,'2019-07-20 02:30:07',1,5.1774888),(7064,3,'2019-07-20 02:30:02',1,0.1993279),(7063,4,'2019-07-20 02:15:07',1,5.6707850),(7062,3,'2019-07-20 02:15:02',1,0.1801898),(7061,4,'2019-07-20 02:00:07',1,0.1676130),(7060,3,'2019-07-20 02:00:07',1,5.0918260),(7059,4,'2019-07-20 01:45:07',1,0.1529131),(7058,3,'2019-07-20 01:45:07',1,5.2972622),(7057,4,'2019-07-20 01:30:02',1,0.1945620),(7056,3,'2019-07-20 01:30:02',1,0.2237229),(7055,4,'2019-07-20 01:15:06',1,5.1527696),(7054,3,'2019-07-20 01:15:01',1,0.1303408),(7053,4,'2019-07-20 01:00:07',1,0.1550560),(7052,3,'2019-07-20 01:00:07',1,5.1136680),(7051,4,'2019-07-20 00:45:07',1,0.1484010),(7050,3,'2019-07-20 00:45:07',1,5.0737071),(7049,4,'2019-07-20 00:30:07',1,0.1748190),(7048,3,'2019-07-20 00:30:07',1,5.0923352),(7047,4,'2019-07-20 00:15:07',1,0.1607730),(7046,3,'2019-07-20 00:15:07',1,5.2875042),(7368,3,'2019-07-21 16:30:06',1,5.0821300),(7367,4,'2019-07-21 16:15:02',1,0.1974900),(7366,3,'2019-07-21 16:15:02',1,0.1894488),(7365,4,'2019-07-21 16:00:12',1,0.1590910),(7364,3,'2019-07-21 16:00:12',1,0.0410700),(7363,4,'2019-07-21 15:45:02',1,0.1786799),(7362,3,'2019-07-21 15:45:02',1,0.0442271),(7361,4,'2019-07-21 15:30:02',1,0.1927009),(7360,3,'2019-07-21 15:30:02',1,0.0875959),(7359,4,'2019-07-21 15:15:07',1,0.1615598),(7358,3,'2019-07-21 15:15:07',1,5.2823119),(7357,4,'2019-07-21 15:00:02',1,0.1805918),(7356,3,'2019-07-21 15:00:02',1,0.0982420),(7355,4,'2019-07-21 14:45:06',1,5.1455860),(7354,3,'2019-07-21 14:45:01',1,0.0679522),(7353,4,'2019-07-21 14:30:02',1,0.1810620),(7352,3,'2019-07-21 14:30:01',1,0.0976672),(7351,4,'2019-07-21 14:15:07',1,5.1514940),(7350,3,'2019-07-21 14:15:02',1,0.1827760),(7349,4,'2019-07-21 14:00:05',1,0.1606252),(7348,3,'2019-07-21 14:00:05',1,0.0925331),(7347,4,'2019-07-21 13:45:02',1,0.1553431),(7346,3,'2019-07-21 13:45:02',1,0.1454709),(7345,4,'2019-07-21 13:30:02',1,0.1504519),(7344,3,'2019-07-21 13:30:02',1,0.1872180),(7343,4,'2019-07-21 13:15:02',1,0.1728530),(7342,3,'2019-07-21 13:15:01',1,0.2143331),(7341,4,'2019-07-21 13:00:07',1,0.1539760),(7340,3,'2019-07-21 13:00:07',1,5.0973797),(7339,4,'2019-07-21 12:45:02',1,0.1742952),(7338,3,'2019-07-21 12:45:01',1,0.0776889),(7337,4,'2019-07-21 12:30:02',1,0.1637800),(7336,3,'2019-07-21 12:30:02',1,0.2007661),(7335,4,'2019-07-21 12:15:07',1,5.1520772),(7334,3,'2019-07-21 12:15:02',1,0.1274071),(7333,4,'2019-07-21 12:00:03',1,0.1773820),(7332,3,'2019-07-21 12:00:03',1,0.0762799),(7331,4,'2019-07-21 11:45:02',1,0.1574929),(7330,3,'2019-07-21 11:45:02',1,0.0406859),(7329,4,'2019-07-21 11:30:07',1,5.1503863),(7328,3,'2019-07-21 11:30:02',1,0.0743339),(7327,4,'2019-07-21 11:15:02',1,0.1764309),(7326,3,'2019-07-21 11:15:02',1,0.1206539),(7325,4,'2019-07-21 11:00:02',1,0.1726339),(7324,3,'2019-07-21 11:00:02',1,0.1967340),(7323,4,'2019-07-21 10:45:07',1,0.1611240),(7322,3,'2019-07-21 10:45:06',1,5.0769496),(7321,4,'2019-07-21 10:30:07',1,5.1523700),(7320,3,'2019-07-21 10:30:02',1,0.1447070),(7319,4,'2019-07-21 10:15:07',1,0.1488671),(7318,3,'2019-07-21 10:15:07',1,5.4874172),(7317,4,'2019-07-21 10:00:02',1,0.1834080),(7316,3,'2019-07-21 10:00:02',1,0.1006510),(7315,4,'2019-07-21 09:45:02',1,0.1950200),(7314,3,'2019-07-21 09:45:01',1,0.1256151),(7313,4,'2019-07-21 09:30:07',1,0.1643500),(7312,3,'2019-07-21 09:30:07',1,5.2901750),(7311,4,'2019-07-21 09:15:07',1,5.1600709),(7310,3,'2019-07-21 09:15:02',1,0.1828651),(7309,4,'2019-07-21 09:00:02',1,0.3382061),(7308,3,'2019-07-21 09:00:02',1,0.1884251),(7307,4,'2019-07-21 08:45:07',1,0.1486428),(7306,3,'2019-07-21 08:45:07',1,5.2803311),(7305,4,'2019-07-21 08:30:02',1,0.1810319),(7304,3,'2019-07-21 08:30:01',1,0.1294799),(7303,4,'2019-07-21 08:15:07',1,0.1522920),(7302,3,'2019-07-21 08:15:07',1,5.2960167),(7301,4,'2019-07-21 08:00:02',1,0.1857612),(7300,3,'2019-07-21 08:00:02',1,0.0852799),(7299,4,'2019-07-21 07:45:02',1,0.1591980),(7298,3,'2019-07-21 07:45:01',1,0.1335609),(7297,4,'2019-07-21 07:30:02',1,0.1483631),(7296,3,'2019-07-21 07:30:02',1,0.0794439),(7295,4,'2019-07-21 07:15:07',1,0.1449039),(7294,3,'2019-07-21 07:15:07',1,5.3001690),(7293,4,'2019-07-21 07:00:12',1,5.1534581),(7292,3,'2019-07-21 07:00:07',1,5.0971327),(7291,4,'2019-07-21 06:45:02',1,0.1603830),(7290,3,'2019-07-21 06:45:02',1,0.1515670),(7289,4,'2019-07-21 06:30:07',1,0.1464369),(7288,3,'2019-07-21 06:30:06',1,5.1001730),(7287,4,'2019-07-21 06:15:07',1,0.1478300),(7286,3,'2019-07-21 06:15:07',1,5.0838709),(7285,4,'2019-07-21 06:00:02',1,0.2176712),(7284,3,'2019-07-21 06:00:02',1,0.2495961),(7283,4,'2019-07-21 05:45:02',1,0.1651380),(7282,3,'2019-07-21 05:45:02',1,0.1300220),(7281,4,'2019-07-21 05:30:02',1,0.1799860),(7280,3,'2019-07-21 05:30:02',1,0.1831481),(7279,4,'2019-07-21 05:15:07',1,5.1608109),(7278,3,'2019-07-21 05:15:01',1,0.0768030),(7277,4,'2019-07-21 05:00:04',1,0.1652360),(7276,3,'2019-07-21 05:00:04',1,2.3738451),(7275,4,'2019-07-21 04:45:07',1,0.1710100),(7274,3,'2019-07-21 04:45:07',1,5.2778287),(7273,4,'2019-07-21 04:30:02',1,0.1441550),(7272,3,'2019-07-21 04:30:02',1,0.1353500),(7271,4,'2019-07-21 04:15:02',1,0.1492989),(7270,3,'2019-07-21 04:15:02',1,0.0537271),(7269,4,'2019-07-21 04:00:03',1,0.1550391),(7268,3,'2019-07-21 04:00:03',1,0.4455459),(7267,4,'2019-07-21 03:45:06',1,0.1481440),(7266,3,'2019-07-21 03:45:06',1,5.0768547),(7265,4,'2019-07-21 03:30:06',1,0.1652770),(7264,3,'2019-07-21 03:30:06',1,5.1006017),(7263,4,'2019-07-21 03:15:07',1,0.7264121),(7262,3,'2019-07-21 03:15:07',1,5.0831351),(7261,4,'2019-07-21 03:00:10',1,0.1514459),(7260,3,'2019-07-21 03:00:10',1,8.1119413),(7259,4,'2019-07-21 02:45:02',1,0.1458759),(7258,3,'2019-07-21 02:45:02',1,0.0492530),(7257,4,'2019-07-21 02:30:07',1,0.1528912),(7256,3,'2019-07-21 02:30:07',1,5.2883277),(7255,4,'2019-07-21 02:15:07',1,0.1498299),(7254,3,'2019-07-21 02:15:07',1,5.0813131),(7253,4,'2019-07-21 02:00:07',1,0.1483359),(7252,3,'2019-07-21 02:00:07',1,5.3051562),(7251,4,'2019-07-21 01:45:02',1,0.1615870),(7250,3,'2019-07-21 01:45:02',1,0.0901649),(7249,4,'2019-07-21 01:30:07',1,0.1526880),(7248,3,'2019-07-21 01:30:07',1,5.0909314),(7247,4,'2019-07-21 01:15:07',1,0.1462469),(7246,3,'2019-07-21 01:15:07',1,5.2842646),(7245,4,'2019-07-21 01:00:03',1,0.1624548),(7244,3,'2019-07-21 01:00:02',1,0.1726620),(7243,4,'2019-07-21 00:45:03',1,0.1480329),(7242,3,'2019-07-21 00:45:02',1,0.1370461),(7241,4,'2019-07-21 00:30:02',1,0.1839921),(7240,3,'2019-07-21 00:30:02',1,0.0866139),(7239,4,'2019-07-21 00:15:06',1,0.1518099),(7238,3,'2019-07-21 00:15:06',1,5.0843549),(7431,4,'2019-07-22 00:15:02',1,0.1763499),(7430,3,'2019-07-22 00:15:02',1,0.1361790),(7623,4,'2019-07-23 00:15:07',1,0.1637919),(7831,4,'2019-07-24 02:15:07',1,0.1613050),(7830,3,'2019-07-24 02:15:07',1,5.0833740),(7829,4,'2019-07-24 02:00:04',1,0.1888750),(7828,3,'2019-07-24 02:00:03',1,0.1813030),(7827,4,'2019-07-24 01:45:12',1,5.1523042),(7826,3,'2019-07-24 01:45:07',1,5.0845299),(7825,4,'2019-07-24 01:30:03',1,0.1554542),(7824,3,'2019-07-24 01:30:03',1,0.1401110),(7823,4,'2019-07-24 01:15:02',1,0.1434278),(7822,3,'2019-07-24 01:15:02',1,0.1324401),(7821,4,'2019-07-24 01:00:07',1,5.1704931),(7820,3,'2019-07-24 01:00:01',1,0.1397750),(7819,4,'2019-07-24 00:45:07',1,5.1520891),(7818,3,'2019-07-24 00:45:02',1,0.1209219),(7817,4,'2019-07-24 00:30:07',1,0.2223630),(7816,3,'2019-07-24 00:30:07',1,5.0871830),(6691,4,'2019-07-18 03:45:07',1,0.1836710),(6690,3,'2019-07-18 03:45:07',1,5.3056760),(6659,4,'2019-07-17 23:45:02',1,0.1656501),(6658,3,'2019-07-17 23:45:02',1,0.1282618),(6657,4,'2019-07-17 23:30:02',1,0.2249820),(6656,3,'2019-07-17 23:30:02',1,0.1956358),(6655,4,'2019-07-17 23:15:07',1,0.1722729),(6654,3,'2019-07-17 23:15:07',1,5.0909276),(6653,4,'2019-07-17 23:00:02',1,0.2064891),(6652,3,'2019-07-17 23:00:02',1,0.1488810),(6651,4,'2019-07-17 22:45:07',1,5.1507511),(6650,3,'2019-07-17 22:45:01',1,0.0728130),(6649,4,'2019-07-17 22:30:07',1,0.1426461),(6648,3,'2019-07-17 22:30:07',1,5.2819319),(6647,4,'2019-07-17 22:15:07',1,5.1558871),(6646,3,'2019-07-17 22:15:02',1,0.1339800),(6645,4,'2019-07-17 22:00:08',1,0.1498880),(6644,3,'2019-07-17 22:00:08',1,5.7987981),(6643,4,'2019-07-17 21:45:02',1,0.1684151),(6642,3,'2019-07-17 21:45:02',1,0.0867741),(6641,4,'2019-07-17 21:30:03',1,0.3765621),(6640,3,'2019-07-17 21:30:02',1,0.0726111),(6639,4,'2019-07-17 21:15:07',1,0.1506979),(6638,3,'2019-07-17 21:15:06',1,5.1042223),(6637,4,'2019-07-17 21:00:03',1,0.1568460),(6636,3,'2019-07-17 21:00:02',1,0.0656359),(6635,4,'2019-07-17 20:45:07',1,0.1558330),(6634,3,'2019-07-17 20:45:07',1,5.2930360),(6633,4,'2019-07-17 20:30:07',1,5.1461058),(6632,3,'2019-07-17 20:30:02',1,0.1434460),(6631,4,'2019-07-17 20:15:06',1,0.1570880),(6630,3,'2019-07-17 20:15:06',1,5.0921669),(6629,4,'2019-07-17 20:00:07',1,5.1523528),(6628,3,'2019-07-17 20:00:02',1,0.1512640),(6627,4,'2019-07-17 19:45:07',1,0.1461060),(6626,3,'2019-07-17 19:45:07',1,5.0800767),(6625,4,'2019-07-17 19:30:07',1,5.1479149),(6624,3,'2019-07-17 19:30:02',1,0.1263931),(6623,4,'2019-07-17 19:15:07',1,5.1505370),(6622,3,'2019-07-17 19:15:01',1,0.0655529),(6621,4,'2019-07-17 19:00:03',1,0.7513669),(6620,3,'2019-07-17 19:00:02',1,0.0789330),(6619,4,'2019-07-17 18:45:07',1,0.1624939),(6618,3,'2019-07-17 18:45:06',1,5.0737562),(6617,4,'2019-07-17 18:30:07',1,0.1756148),(6616,3,'2019-07-17 18:30:07',1,5.2937460),(6615,4,'2019-07-17 18:15:02',1,0.1516640),(6614,3,'2019-07-17 18:15:02',1,0.1332979),(6613,4,'2019-07-17 18:00:03',1,0.1709459),(6612,3,'2019-07-17 18:00:03',1,0.1455100),(6611,4,'2019-07-17 17:45:02',1,0.2592771),(6610,3,'2019-07-17 17:45:02',1,0.2331541),(6609,4,'2019-07-17 17:30:02',1,0.1836801),(6608,3,'2019-07-17 17:30:02',1,0.1951799),(6607,4,'2019-07-17 17:15:01',1,0.1820641),(6606,3,'2019-07-17 17:15:01',1,0.0717480),(6605,4,'2019-07-17 17:00:03',1,0.1508949),(6604,3,'2019-07-17 17:00:03',1,1.0421801),(6603,4,'2019-07-17 16:45:07',1,0.1508040),(6602,3,'2019-07-17 16:45:07',1,5.2826548),(6601,4,'2019-07-17 16:30:07',1,0.1685190),(6600,3,'2019-07-17 16:30:07',1,5.2728052),(6599,4,'2019-07-17 16:15:07',1,5.1537170),(6598,3,'2019-07-17 16:15:02',1,0.1820960),(6597,4,'2019-07-17 16:00:03',1,0.1867700),(6596,3,'2019-07-17 16:00:02',1,0.1849549),(6595,4,'2019-07-17 15:45:02',1,0.1844780),(6594,3,'2019-07-17 15:45:01',1,0.1414189),(6593,4,'2019-07-17 15:30:03',1,0.1502478),(6592,3,'2019-07-17 15:30:02',1,0.0326262),(6591,4,'2019-07-17 15:15:07',1,5.1535540),(6590,3,'2019-07-17 15:15:02',1,0.0771339),(6589,4,'2019-07-17 15:00:07',1,0.1750040),(6588,3,'2019-07-17 15:00:07',1,5.2945690),(6587,4,'2019-07-17 14:45:06',1,0.1455121),(6586,3,'2019-07-17 14:45:06',1,5.0895691),(6585,4,'2019-07-17 14:30:07',1,0.1542530),(6584,3,'2019-07-17 14:30:07',1,5.1553769),(6583,4,'2019-07-17 14:15:12',1,5.1562510),(6582,3,'2019-07-17 14:15:06',1,5.0911584),(6581,4,'2019-07-17 14:00:07',1,0.1654079),(6580,3,'2019-07-17 14:00:07',1,5.1457753),(6579,4,'2019-07-17 13:45:07',1,0.1608460),(6578,3,'2019-07-17 13:45:07',1,5.1100607),(6577,4,'2019-07-17 13:30:07',1,0.1510670),(6576,3,'2019-07-17 13:30:07',1,5.2974248),(6575,4,'2019-07-17 13:15:01',1,0.1704021),(6574,3,'2019-07-17 13:15:01',1,0.1236439),(6573,4,'2019-07-17 13:00:08',1,5.1760492),(6572,3,'2019-07-17 13:00:02',1,0.0843289),(6571,4,'2019-07-17 12:45:02',1,0.1462851),(6570,3,'2019-07-17 12:45:02',1,0.1404281),(6569,4,'2019-07-17 12:30:02',1,0.1614201),(6568,3,'2019-07-17 12:30:02',1,0.1854751),(6567,4,'2019-07-17 12:15:06',1,5.1537118),(6566,3,'2019-07-17 12:15:01',1,0.1789410),(6565,4,'2019-07-17 12:00:03',1,0.1637342),(6564,3,'2019-07-17 12:00:03',1,0.1252389),(6563,4,'2019-07-17 11:45:07',1,0.1525409),(6562,3,'2019-07-17 11:45:07',1,5.1644168),(6561,4,'2019-07-17 11:30:07',1,5.1558957),(6560,3,'2019-07-17 11:30:02',1,0.1763229),(6559,4,'2019-07-17 11:15:02',1,0.2023900),(6558,3,'2019-07-17 11:15:01',1,0.1432819),(6557,4,'2019-07-17 11:00:03',1,0.1473470),(6556,3,'2019-07-17 11:00:03',1,1.0585549),(6555,4,'2019-07-17 10:45:02',1,0.1668520),(6554,3,'2019-07-17 10:45:02',1,0.0803578),(6553,4,'2019-07-17 10:30:07',1,5.1631098),(6552,3,'2019-07-17 10:30:01',1,0.0772641),(6551,4,'2019-07-17 10:15:02',1,0.1714230),(6550,3,'2019-07-17 10:15:02',1,0.0744040),(6549,4,'2019-07-17 10:00:07',1,0.1613972),(6548,3,'2019-07-17 10:00:07',1,5.3637018),(6547,4,'2019-07-17 09:45:07',1,0.1524668),(6546,3,'2019-07-17 09:45:07',1,5.1027679),(6545,4,'2019-07-17 09:30:02',1,0.1502371),(6544,3,'2019-07-17 09:30:02',1,0.1261141),(6543,4,'2019-07-17 09:15:07',1,0.1636300),(6542,3,'2019-07-17 09:15:07',1,5.2750287),(6541,4,'2019-07-17 09:00:05',1,0.1525111),(6540,3,'2019-07-17 09:00:05',1,0.0579422),(6539,4,'2019-07-17 08:45:07',1,0.1433589),(6538,3,'2019-07-17 08:45:07',1,5.8966970),(6537,4,'2019-07-17 08:30:02',1,0.1564498),(6536,3,'2019-07-17 08:30:02',1,0.1379838),(6535,4,'2019-07-17 08:15:02',1,0.1613150),(6534,3,'2019-07-17 08:15:02',1,0.0521090),(6533,4,'2019-07-17 08:00:04',1,0.1743729),(6532,3,'2019-07-17 08:00:03',1,1.2684159),(6531,4,'2019-07-17 07:45:01',1,0.1692829),(6530,3,'2019-07-17 07:45:01',1,0.0642300),(6529,4,'2019-07-17 07:30:02',1,0.8604748),(6528,3,'2019-07-17 07:30:01',1,0.1185920),(6527,4,'2019-07-17 07:15:06',1,0.1522369),(6526,3,'2019-07-17 07:15:06',1,5.2749958),(6525,4,'2019-07-17 07:00:07',1,0.1735508),(6524,3,'2019-07-17 07:00:07',1,5.2755690),(6523,4,'2019-07-17 06:45:06',1,5.1959109),(6522,3,'2019-07-17 06:45:01',1,0.1206889),(6521,4,'2019-07-17 06:30:07',1,0.1656618),(6520,3,'2019-07-17 06:30:07',1,5.2944741),(6519,4,'2019-07-17 06:15:07',1,0.1557431),(6518,3,'2019-07-17 06:15:06',1,5.0801311),(6517,4,'2019-07-17 06:00:07',1,0.1786509),(6516,3,'2019-07-17 06:00:07',1,5.0886879),(6515,4,'2019-07-17 05:45:07',1,0.1559269),(6514,3,'2019-07-17 05:45:07',1,5.2813802),(6513,4,'2019-07-17 05:30:07',1,0.1560528),(6512,3,'2019-07-17 05:30:07',1,5.6337929),(6511,4,'2019-07-17 05:15:02',1,0.1772120),(6510,3,'2019-07-17 05:15:01',1,0.0930521),(6509,4,'2019-07-17 05:00:03',1,0.1855938),(6508,3,'2019-07-17 05:00:02',1,0.1788850),(6507,4,'2019-07-17 04:45:07',1,0.1633070),(6506,3,'2019-07-17 04:45:07',1,5.2837558),(6505,4,'2019-07-17 04:30:07',1,0.1847911),(6504,3,'2019-07-17 04:30:06',1,5.0854702),(6503,4,'2019-07-17 04:15:02',1,0.1872010),(6502,3,'2019-07-17 04:15:02',1,0.6848152),(6501,4,'2019-07-17 04:00:07',1,5.2008777),(6500,3,'2019-07-17 04:00:02',1,0.2040570),(6499,4,'2019-07-17 03:45:06',1,0.1617730),(6498,3,'2019-07-17 03:45:06',1,5.1353259),(6497,4,'2019-07-17 03:30:03',1,0.1464889),(6496,3,'2019-07-17 03:30:03',1,0.0664339),(6495,4,'2019-07-17 03:15:07',1,0.1814349),(6494,3,'2019-07-17 03:15:07',1,5.0908589),(6493,4,'2019-07-17 03:00:03',1,0.1770110),(6492,3,'2019-07-17 03:00:03',1,1.2549129),(6491,4,'2019-07-17 02:45:07',1,0.1567101),(6490,3,'2019-07-17 02:45:06',1,5.0949931),(6489,4,'2019-07-17 02:30:07',1,0.1691449),(6488,3,'2019-07-17 02:30:07',1,5.2816820),(6487,4,'2019-07-17 02:15:07',1,5.1524882),(6486,3,'2019-07-17 02:15:01',1,0.1394410),(6485,4,'2019-07-17 02:00:04',1,0.1507950),(6484,3,'2019-07-17 02:00:03',1,1.2444251),(6483,4,'2019-07-17 01:45:06',1,0.1825209),(6482,3,'2019-07-17 01:45:06',1,5.1074934),(6481,4,'2019-07-17 01:30:02',1,0.1915500),(6480,3,'2019-07-17 01:30:01',1,0.0869551),(6479,4,'2019-07-17 01:15:02',1,0.1846590),(6478,3,'2019-07-17 01:15:02',1,0.1882660),(6477,4,'2019-07-17 01:00:03',1,0.1876419),(6476,3,'2019-07-17 01:00:03',1,1.1726961),(6475,4,'2019-07-17 00:45:02',1,0.1649492),(6474,3,'2019-07-17 00:45:02',1,0.1793950),(6473,4,'2019-07-17 00:30:08',1,0.7557800),(6472,3,'2019-07-17 00:30:07',1,5.0812020),(6471,4,'2019-07-17 00:15:01',1,0.1772709),(6470,3,'2019-07-17 00:15:01',1,0.0901201),(6689,4,'2019-07-18 03:30:07',1,5.1541433),(6688,3,'2019-07-18 03:30:02',1,0.0773029),(6687,4,'2019-07-18 03:15:07',1,5.1491690),(6686,3,'2019-07-18 03:15:02',1,0.1355431),(6685,4,'2019-07-18 03:00:07',1,0.1784050),(6684,3,'2019-07-18 03:00:07',1,5.2976112),(6683,4,'2019-07-18 02:45:07',1,0.1786320),(6682,3,'2019-07-18 02:45:07',1,5.2813191),(6681,4,'2019-07-18 02:30:07',1,5.1535888),(6680,3,'2019-07-18 02:30:02',1,0.0961802),(6679,4,'2019-07-18 02:15:07',1,0.1457539),(6678,3,'2019-07-18 02:15:07',1,5.2803359),(6677,4,'2019-07-18 02:00:03',1,0.1591549),(6676,3,'2019-07-18 02:00:03',1,0.1069798),(6675,4,'2019-07-18 01:45:07',1,0.1719499),(6674,3,'2019-07-18 01:45:07',1,5.2798500),(6673,4,'2019-07-18 01:30:07',1,0.1630750),(6672,3,'2019-07-18 01:30:07',1,5.2952199),(6671,4,'2019-07-18 01:15:02',1,0.1510689),(6670,3,'2019-07-18 01:15:02',1,0.0434980),(6669,4,'2019-07-18 01:00:07',1,0.1627190),(6668,3,'2019-07-18 01:00:07',1,5.3174057),(6667,4,'2019-07-18 00:45:02',1,0.2292931),(6666,3,'2019-07-18 00:45:02',1,0.1843421),(6665,4,'2019-07-18 00:30:07',1,0.1691520),(6664,3,'2019-07-18 00:30:07',1,5.2807250),(6663,4,'2019-07-18 00:15:07',1,5.1541262),(6662,3,'2019-07-18 00:15:02',1,0.0773680),(6855,4,'2019-07-19 00:15:02',1,0.1589649),(6854,3,'2019-07-19 00:15:02',1,0.0861449),(7622,3,'2019-07-23 00:15:07',1,5.0821142),(7815,4,'2019-07-24 00:15:07',1,0.1562309),(7814,3,'2019-07-24 00:15:07',1,5.0862732);
/*!40000 ALTER TABLE `psm_servers_uptime` ENABLE KEYS */;

--
-- Table structure for table `psm_users`
--

DROP TABLE IF EXISTS `psm_users`;
/*!40101 SET @saved_cs_client     = @@character_set_client */;
/*!40101 SET character_set_client = utf8 */;
CREATE TABLE `psm_users` (
  `user_id` int(11) unsigned NOT NULL AUTO_INCREMENT,
  `user_name` varchar(64) NOT NULL COMMENT 'user''s name, unique',
  `password` varchar(255) NOT NULL COMMENT 'user''s password in salted and hashed format',
  `password_reset_hash` char(40) DEFAULT NULL COMMENT 'user''s password reset code',
  `password_reset_timestamp` bigint(20) DEFAULT NULL COMMENT 'timestamp of the password reset request',
  `rememberme_token` varchar(64) DEFAULT NULL COMMENT 'user''s remember-me cookie token',
  `level` tinyint(2) unsigned NOT NULL DEFAULT 20,
  `name` varchar(255) NOT NULL,
  `mobile` varchar(15) NOT NULL,
  `pushover_key` varchar(255) NOT NULL,
  `pushover_device` varchar(255) NOT NULL,
  `email` varchar(255) NOT NULL,
  PRIMARY KEY (`user_id`),
  UNIQUE KEY `unique_username` (`user_name`)
) ENGINE=MyISAM AUTO_INCREMENT=2 DEFAULT CHARSET=utf8;
/*!40101 SET character_set_client = @saved_cs_client */;

--
-- Dumping data for table `psm_users`
--

/*!40000 ALTER TABLE `psm_users` DISABLE KEYS */;
INSERT INTO `psm_users` VALUES (1,'masterk3y','$2y$10$6yxJXYiCZL8z9qrEGI7oLutJ2ddrKcyD.GABIdaSQBg1aEAYtOUoi',NULL,NULL,NULL,10,'masterk3y','','','','orlando.hdzcruz@gmail.com');
/*!40000 ALTER TABLE `psm_users` ENABLE KEYS */;

--
-- Table structure for table `psm_users_preferences`
--

DROP TABLE IF EXISTS `psm_users_preferences`;
/*!40101 SET @saved_cs_client     = @@character_set_client */;
/*!40101 SET character_set_client = utf8 */;
CREATE TABLE `psm_users_preferences` (
  `user_id` int(11) unsigned NOT NULL,
  `key` varchar(255) NOT NULL,
  `value` varchar(255) NOT NULL,
  PRIMARY KEY (`user_id`,`key`)
) ENGINE=MyISAM DEFAULT CHARSET=utf8;
/*!40101 SET character_set_client = @saved_cs_client */;

--
-- Dumping data for table `psm_users_preferences`
--

/*!40000 ALTER TABLE `psm_users_preferences` DISABLE KEYS */;
INSERT INTO `psm_users_preferences` VALUES (1,'status_layout','1');
/*!40000 ALTER TABLE `psm_users_preferences` ENABLE KEYS */;

--
-- Table structure for table `psm_users_servers`
--

DROP TABLE IF EXISTS `psm_users_servers`;
/*!40101 SET @saved_cs_client     = @@character_set_client */;
/*!40101 SET character_set_client = utf8 */;
CREATE TABLE `psm_users_servers` (
  `user_id` int(11) unsigned NOT NULL,
  `server_id` int(11) unsigned NOT NULL,
  PRIMARY KEY (`user_id`,`server_id`)
) ENGINE=MyISAM DEFAULT CHARSET=utf8mb4 COLLATE=utf8mb4_unicode_ci;
/*!40101 SET character_set_client = @saved_cs_client */;

--
-- Dumping data for table `psm_users_servers`
--

/*!40000 ALTER TABLE `psm_users_servers` DISABLE KEYS */;
INSERT INTO `psm_users_servers` VALUES (1,3),(1,4);
/*!40000 ALTER TABLE `psm_users_servers` ENABLE KEYS */;

--
-- Dumping routines for database 'u388889018_sm'
--
/*!40103 SET TIME_ZONE=@OLD_TIME_ZONE */;

/*!40101 SET SQL_MODE=@OLD_SQL_MODE */;
/*!40014 SET FOREIGN_KEY_CHECKS=@OLD_FOREIGN_KEY_CHECKS */;
/*!40014 SET UNIQUE_CHECKS=@OLD_UNIQUE_CHECKS */;
/*!40101 SET CHARACTER_SET_CLIENT=@OLD_CHARACTER_SET_CLIENT */;
/*!40101 SET CHARACTER_SET_RESULTS=@OLD_CHARACTER_SET_RESULTS */;
/*!40101 SET COLLATION_CONNECTION=@OLD_COLLATION_CONNECTION */;
/*!40111 SET SQL_NOTES=@OLD_SQL_NOTES */;

-- Dump completed on 2019-10-11 15:33:36
